local_datetime,subdistrict_name,t,hu,ws,wd,tcc,visibility,weather_desc_en,rain_level,sea_level,tide_height,flood
2024-01-01 00:00:00,Kembangan,25.02,99.61,18.23,N,64.64,2.33,Rain,2,1.85,2.64,0
2024-01-01 01:00:00,Palmerah,25.53,92.57,8.86,N,44.99,9.86,Rain,2,1.82,0.56,1
2024-01-01 02:00:00,Kebon Jeruk,26.46,60.43,4.1,SE,31.63,2.88,Thunderstorm,4,0.4,1.42,1
2024-01-01 03:00:00,Palmerah,25.61,96.53,19.55,N,18.55,2.17,Clear,0,0.8,1.86,0
2024-01-01 04:00:00,Palmerah,25.87,55.82,22.16,SW,38.34,2.83,Clear,0,1.28,2.11,0
2024-01-01 05:00:00,Grogol,26.85,90.87,9.47,W,18.7,7.92,Light Rain,1,0.4,1.21,1
2024-01-01 06:00:00,Kebon Jeruk,25.73,69.03,19.34,N,25.92,4.83,Light Rain,1,1.94,2.62,0
2024-01-01 07:00:00,Kebon Jeruk,32.97,93.9,11.85,SE,98.86,6.09,Heavy Rain,3,1.84,1.75,1
2024-01-01 08:00:00,Kebon Jeruk,24.8,93.4,21.4,E,49.97,1.19,Heavy Rain,3,0.42,1.37,0
2024-01-01 09:00:00,Palmerah,29.25,90.3,5.98,E,57.87,1.31,Cloudy,0,0.33,0.29,0
2024-01-01 10:00:00,Kembangan,28.1,89.5,26.71,NE,88.63,5.01,Cloudy,0,0.26,1.45,0
2024-01-01 11:00:00,Kebon Jeruk,33.82,65.23,8.62,NW,99.6,8.35,Clear,0,1.83,2.48,0
2024-01-01 12:00:00,Tambora,25.12,54.05,11.03,N,62.44,8.97,Light Rain,1,0.47,1.88,0
2024-01-01 13:00:00,Palmerah,27.98,70.15,1.74,NW,83.12,1.78,Clear,0,0.89,2.51,0
2024-01-01 14:00:00,Grogol,33.69,58.68,3.35,W,39.42,5.85,Clear,0,0.95,1.53,0
2024-01-01 15:00:00,Kembangan,32.66,84.75,15.48,SE,37.52,9.22,Light Rain,1,1.24,0.44,0
2024-01-01 16:00:00,Tambora,32.17,67.3,8.03,N,46.24,4.49,Cloudy,0,0.24,0.14,0
2024-01-01 17:00:00,Tambora,26.58,98.78,25.06,S,70.53,8.47,Thunderstorm,4,0.53,0.98,0
2024-01-01 18:00:00,Grogol,25.71,82.05,0.44,SW,71.4,2.2,Thunderstorm,4,1.87,2.12,1
2024-01-01 19:00:00,Kembangan,30.69,91.12,11.37,N,38.37,9.42,Thunderstorm,4,1.83,2.39,1
2024-01-01 20:00:00,Palmerah,33.29,56.63,10.12,N,21.99,7.76,Light Rain,1,1.58,0.96,0
2024-01-01 21:00:00,Cengkareng,29.57,93.1,0.58,NW,66.92,9.47,Rain,2,0.14,1.54,0
2024-01-01 22:00:00,Kembangan,29.72,96.14,3.73,NW,21.55,7.09,Rain,2,0.72,1.32,0
2024-01-01 23:00:00,Grogol,26.8,74.35,12.41,E,62.06,4.27,Rain,2,1.29,1.29,0
2024-01-02 00:00:00,Tambora,31.69,80.31,14.79,SW,72.41,9.44,Heavy Rain,3,0.62,0.77,1
2024-01-02 01:00:00,Palmerah,25.87,88.24,12.13,SE,73.06,3.48,Cloudy,0,1.83,0.5,0
2024-01-02 02:00:00,Kembangan,27.24,58.74,15.93,N,77.81,3.99,Cloudy,0,1.3,0.67,0
2024-01-02 03:00:00,Cengkareng,28.25,75.13,17.85,E,88.56,7.31,Heavy Rain,3,0.24,0.26,1
2024-01-02 04:00:00,Cengkareng,29.08,69.93,0.3,NW,55.0,7.89,Clear,0,1.83,0.67,0
2024-01-02 05:00:00,Kebon Jeruk,26.42,57.32,13.92,NE,75.72,9.36,Thunderstorm,4,1.92,0.13,0
2024-01-02 06:00:00,Kebon Jeruk,25.15,68.38,28.9,SW,65.73,2.84,Rain,2,0.25,1.92,1
2024-01-02 07:00:00,Grogol,30.11,53.41,15.57,E,26.8,8.18,Thunderstorm,4,1.11,1.02,1
2024-01-02 08:00:00,Kembangan,26.89,51.29,20.33,E,12.31,7.65,Rain,2,0.68,2.92,1
2024-01-02 09:00:00,Kembangan,29.81,56.76,9.36,W,35.61,1.57,Thunderstorm,4,0.85,0.66,1
2024-01-02 10:00:00,Tambora,25.54,98.16,23.22,E,49.87,4.49,Clear,0,0.44,1.1,0
2024-01-02 11:00:00,Tambora,28.81,77.48,23.19,W,65.54,3.54,Thunderstorm,4,1.2,1.14,1
2024-01-02 12:00:00,Tambora,29.33,98.29,15.64,N,86.5,3.74,Thunderstorm,4,1.92,0.12,1
2024-01-02 13:00:00,Kebon Jeruk,24.52,71.62,29.28,N,27.66,9.85,Light Rain,1,1.06,2.53,1
2024-01-02 14:00:00,Kembangan,27.37,65.59,3.77,NW,21.3,6.78,Thunderstorm,4,0.26,0.19,1
2024-01-02 15:00:00,Kembangan,25.34,75.31,0.51,NE,96.71,7.46,Light Rain,1,1.28,2.83,0
2024-01-02 16:00:00,Cengkareng,24.63,71.98,23.1,S,19.72,9.79,Cloudy,0,0.75,2.69,0
2024-01-02 17:00:00,Kebon Jeruk,33.9,55.28,24.21,S,53.06,4.39,Heavy Rain,3,1.73,1.65,0
2024-01-02 18:00:00,Palmerah,27.22,82.04,3.61,S,62.7,8.22,Thunderstorm,4,0.93,1.68,1
2024-01-02 19:00:00,Kebon Jeruk,32.1,60.8,7.97,NW,58.72,4.91,Cloudy,0,0.47,2.0,0
2024-01-02 20:00:00,Palmerah,26.55,80.98,0.53,W,17.74,8.83,Light Rain,1,0.46,1.22,0
2024-01-02 21:00:00,Cengkareng,30.82,82.51,8.8,NW,15.13,2.63,Thunderstorm,4,1.56,1.98,1
2024-01-02 22:00:00,Grogol,31.6,57.6,23.19,SW,19.49,9.53,Thunderstorm,4,0.6,0.23,1
2024-01-02 23:00:00,Kembangan,29.96,53.07,15.54,SW,62.7,2.97,Clear,0,1.56,0.26,0
2024-01-03 00:00:00,Cengkareng,28.72,89.04,10.44,NE,58.99,3.94,Cloudy,0,0.49,1.43,0
2024-01-03 01:00:00,Kembangan,28.12,72.99,11.15,SW,31.04,7.81,Rain,2,0.71,1.69,0
2024-01-03 02:00:00,Tambora,27.49,52.91,0.04,S,67.4,4.54,Rain,2,0.98,2.67,0
2024-01-03 03:00:00,Grogol,33.3,99.74,8.99,S,83.81,6.47,Clear,0,1.89,0.4,0
2024-01-03 04:00:00,Grogol,32.31,52.89,19.39,NW,13.74,5.0,Light Rain,1,1.87,2.49,0
2024-01-03 05:00:00,Cengkareng,33.65,84.75,29.23,E,54.83,7.68,Rain,2,0.49,0.71,1
2024-01-03 06:00:00,Grogol,25.24,99.18,25.41,SW,72.04,3.05,Rain,2,0.78,1.24,1
2024-01-03 07:00:00,Palmerah,31.31,61.96,0.71,NW,32.71,1.53,Heavy Rain,3,0.38,1.02,1
2024-01-03 08:00:00,Grogol,33.38,57.11,26.96,N,37.7,3.7,Cloudy,0,1.07,1.26,0
2024-01-03 09:00:00,Kembangan,25.81,56.07,23.5,N,65.23,5.27,Light Rain,1,0.98,0.54,0
2024-01-03 10:00:00,Kembangan,24.66,65.16,23.41,E,90.81,2.51,Thunderstorm,4,1.81,1.56,0
2024-01-03 11:00:00,Kembangan,31.41,55.05,13.74,E,82.89,4.19,Cloudy,0,1.87,2.42,0
2024-01-03 12:00:00,Kembangan,29.74,84.61,11.94,E,62.48,4.6,Light Rain,1,0.83,1.38,0
2024-01-03 13:00:00,Palmerah,32.42,53.11,9.09,NW,75.72,1.52,Rain,2,1.03,1.52,0
2024-01-03 14:00:00,Kebon Jeruk,25.4,75.47,1.97,N,42.83,6.25,Heavy Rain,3,1.8,2.56,1
2024-01-03 15:00:00,Tambora,31.95,99.83,6.85,S,67.69,8.96,Cloudy,0,1.63,2.15,0
2024-01-03 16:00:00,Cengkareng,26.02,90.7,7.4,E,51.96,2.37,Rain,2,0.11,1.52,0
2024-01-03 17:00:00,Kembangan,25.64,80.76,14.52,NE,27.09,6.38,Light Rain,1,0.71,0.85,0
2024-01-03 18:00:00,Grogol,25.64,65.31,22.42,W,73.16,6.98,Cloudy,0,0.9,2.67,0
2024-01-03 19:00:00,Kembangan,32.15,81.19,14.21,NW,60.08,4.77,Thunderstorm,4,0.54,1.77,1
2024-01-03 20:00:00,Grogol,30.65,76.35,1.74,E,42.28,7.31,Cloudy,0,0.48,0.74,0
2024-01-03 21:00:00,Tambora,29.23,71.3,28.73,W,92.02,4.7,Rain,2,0.17,0.88,1
2024-01-03 22:00:00,Tambora,27.59,56.54,28.28,SE,11.88,5.54,Cloudy,0,1.32,2.43,0
2024-01-03 23:00:00,Tambora,32.77,94.33,23.56,E,38.42,1.07,Thunderstorm,4,0.6,0.23,1
2024-01-04 00:00:00,Grogol,27.92,72.49,29.74,N,15.12,7.23,Heavy Rain,3,0.2,2.98,0
2024-01-04 01:00:00,Kembangan,32.17,59.73,16.33,SW,78.99,6.95,Heavy Rain,3,0.54,0.48,0
2024-01-04 02:00:00,Tambora,28.39,68.39,28.88,E,73.19,1.35,Rain,2,1.62,2.41,1
2024-01-04 03:00:00,Palmerah,27.77,70.71,2.27,NW,39.82,4.31,Light Rain,1,1.72,1.24,0
2024-01-04 04:00:00,Grogol,28.63,91.38,10.97,SW,70.81,9.81,Rain,2,1.02,1.53,1
2024-01-04 05:00:00,Grogol,27.01,86.68,6.76,SE,45.63,4.79,Heavy Rain,3,0.89,2.65,0
2024-01-04 06:00:00,Kembangan,31.48,88.47,5.87,NE,78.06,5.52,Clear,0,1.96,1.3,0
2024-01-04 07:00:00,Grogol,29.03,50.55,4.22,SW,50.88,9.19,Clear,0,0.48,1.66,0
2024-01-04 08:00:00,Grogol,26.32,70.81,18.67,W,47.11,7.46,Cloudy,0,0.51,0.24,0
2024-01-04 09:00:00,Tambora,33.0,74.07,23.44,S,94.13,6.24,Thunderstorm,4,0.65,0.11,1
2024-01-04 10:00:00,Kembangan,27.84,50.96,17.35,E,32.58,8.18,Cloudy,0,0.43,0.81,0
2024-01-04 11:00:00,Tambora,29.44,62.99,4.41,SE,20.84,8.78,Clear,0,0.82,2.07,0
2024-01-04 12:00:00,Tambora,33.06,88.01,24.33,SE,62.61,5.11,Heavy Rain,3,1.83,0.45,0
2024-01-04 13:00:00,Kembangan,30.24,56.86,19.08,SW,97.24,5.28,Cloudy,0,1.27,0.43,0
2024-01-04 14:00:00,Cengkareng,25.17,76.77,11.64,NE,44.01,4.47,Rain,2,0.88,1.29,0
2024-01-04 15:00:00,Tambora,33.4,60.76,20.22,N,15.58,9.7,Thunderstorm,4,1.88,1.98,1
2024-01-04 16:00:00,Palmerah,30.28,50.61,7.8,E,40.54,7.27,Rain,2,0.19,2.17,0
2024-01-04 17:00:00,Palmerah,27.35,62.06,10.36,SE,55.53,1.75,Thunderstorm,4,0.5,0.62,1
2024-01-04 18:00:00,Grogol,25.39,98.79,27.52,NE,24.57,8.77,Heavy Rain,3,1.18,0.33,0
2024-01-04 19:00:00,Palmerah,31.94,90.08,8.72,S,69.23,5.33,Cloudy,0,1.27,2.83,0
2024-01-04 20:00:00,Grogol,30.2,97.98,14.1,SE,99.8,1.62,Thunderstorm,4,0.18,0.86,1
2024-01-04 21:00:00,Cengkareng,29.33,74.39,26.7,NE,50.66,5.95,Rain,2,0.87,2.57,0
2024-01-04 22:00:00,Kembangan,32.94,55.49,21.23,NW,41.93,4.75,Cloudy,0,1.33,2.6,0
2024-01-04 23:00:00,Kembangan,31.89,77.4,1.87,N,46.06,8.9,Cloudy,0,1.43,2.34,0
2024-01-05 00:00:00,Kembangan,25.52,72.72,4.42,N,20.36,2.84,Rain,2,1.31,0.59,1
2024-01-05 01:00:00,Palmerah,27.12,92.22,0.24,SE,89.49,8.44,Clear,0,0.71,2.48,0
2024-01-05 02:00:00,Cengkareng,26.48,54.9,18.93,W,47.33,6.02,Thunderstorm,4,0.28,2.33,1
2024-01-05 03:00:00,Palmerah,31.44,74.41,13.43,SE,44.85,1.49,Rain,2,0.91,1.83,0
2024-01-05 04:00:00,Palmerah,24.34,57.5,4.03,SW,69.37,9.75,Heavy Rain,3,0.34,1.08,0
2024-01-05 05:00:00,Cengkareng,29.7,66.23,28.74,E,49.78,5.61,Light Rain,1,1.9,0.86,0
2024-01-05 06:00:00,Cengkareng,31.62,86.87,15.89,NE,68.34,3.62,Rain,2,1.0,0.45,1
2024-01-05 07:00:00,Cengkareng,32.77,73.8,7.26,SE,15.53,5.22,Cloudy,0,0.7,1.58,0
2024-01-05 08:00:00,Cengkareng,27.42,68.79,15.02,E,83.24,8.72,Cloudy,0,1.56,1.8,0
2024-01-05 09:00:00,Kembangan,32.21,69.72,20.39,SW,94.65,3.74,Rain,2,1.05,1.14,0
2024-01-05 10:00:00,Kebon Jeruk,25.11,72.97,2.29,NW,68.39,2.73,Light Rain,1,0.69,1.48,0
2024-01-05 11:00:00,Kebon Jeruk,32.46,89.25,8.24,NW,95.91,2.16,Rain,2,1.64,1.15,0
2024-01-05 12:00:00,Cengkareng,25.27,94.6,24.21,E,23.63,3.68,Light Rain,1,1.75,1.96,0
2024-01-05 13:00:00,Kebon Jeruk,27.97,97.77,13.79,SE,52.97,8.02,Light Rain,1,1.38,2.71,1
2024-01-05 14:00:00,Kebon Jeruk,31.97,89.35,16.4,N,64.16,5.24,Heavy Rain,3,0.19,0.58,0
2024-01-05 15:00:00,Cengkareng,25.5,65.77,12.98,NE,62.36,3.05,Thunderstorm,4,1.18,1.21,1
2024-01-05 16:00:00,Kebon Jeruk,26.29,84.41,1.32,NE,46.13,2.5,Cloudy,0,1.55,0.51,0
2024-01-05 17:00:00,Palmerah,31.22,71.88,4.97,NW,40.43,3.99,Cloudy,0,0.36,1.91,0
2024-01-05 18:00:00,Grogol,31.2,62.73,13.37,NW,21.41,9.46,Light Rain,1,0.53,2.21,1
2024-01-05 19:00:00,Grogol,30.41,92.04,6.28,N,45.26,4.09,Cloudy,0,1.78,2.8,0
2024-01-05 20:00:00,Cengkareng,30.94,51.92,1.5,W,24.64,9.89,Clear,0,0.14,0.91,0
2024-01-05 21:00:00,Kembangan,29.43,95.09,25.31,SE,76.09,5.37,Light Rain,1,1.53,2.86,0
2024-01-05 22:00:00,Cengkareng,26.52,73.07,29.44,NW,28.79,2.61,Cloudy,0,1.0,0.28,0
2024-01-05 23:00:00,Kembangan,27.46,81.86,23.79,NW,15.27,9.02,Clear,0,0.95,1.85,0
2024-01-06 00:00:00,Grogol,25.82,82.97,25.61,NW,59.71,5.14,Heavy Rain,3,0.11,0.27,1
2024-01-06 01:00:00,Cengkareng,33.08,94.76,7.26,NE,63.57,7.39,Cloudy,0,1.66,2.69,0
2024-01-06 02:00:00,Tambora,29.83,81.83,28.82,SE,88.47,9.85,Clear,0,0.78,1.64,0
2024-01-06 03:00:00,Palmerah,28.01,80.7,5.91,SW,61.93,1.45,Rain,2,1.13,2.04,1
2024-01-06 04:00:00,Kebon Jeruk,28.62,53.33,28.54,SE,41.09,1.87,Thunderstorm,4,1.39,2.51,0
2024-01-06 05:00:00,Kembangan,33.47,75.92,29.84,E,82.27,7.48,Rain,2,1.43,0.54,1
2024-01-06 06:00:00,Tambora,25.53,57.51,21.35,N,58.63,3.54,Clear,0,1.92,0.21,0
2024-01-06 07:00:00,Kebon Jeruk,29.86,86.87,29.43,W,17.14,2.66,Light Rain,1,1.11,2.65,0
2024-01-06 08:00:00,Kebon Jeruk,29.06,75.61,17.09,NW,60.93,1.35,Light Rain,1,0.86,1.01,0
2024-01-06 09:00:00,Cengkareng,30.11,84.01,7.79,NW,91.72,1.2,Cloudy,0,1.91,0.47,0
2024-01-06 10:00:00,Kebon Jeruk,24.18,52.08,13.11,SE,45.67,7.97,Rain,2,1.32,1.46,0
2024-01-06 11:00:00,Palmerah,32.72,54.24,17.81,W,36.67,2.21,Light Rain,1,0.67,1.84,0
2024-01-06 12:00:00,Tambora,33.32,85.82,2.19,NW,22.91,5.21,Light Rain,1,0.34,0.19,0
2024-01-06 13:00:00,Kebon Jeruk,29.65,53.6,18.67,W,23.63,6.45,Rain,2,1.7,0.9,0
2024-01-06 14:00:00,Cengkareng,30.97,53.56,29.44,SW,48.95,4.86,Heavy Rain,3,0.79,0.2,0
2024-01-06 15:00:00,Palmerah,33.22,50.61,5.7,S,63.61,1.24,Light Rain,1,1.35,1.32,0
2024-01-06 16:00:00,Grogol,31.07,97.83,23.78,N,17.26,8.05,Thunderstorm,4,0.99,2.7,1
2024-01-06 17:00:00,Tambora,25.53,86.88,27.24,W,94.56,1.09,Clear,0,0.48,2.95,0
2024-01-06 18:00:00,Kebon Jeruk,29.76,67.66,28.31,NE,77.96,7.86,Cloudy,0,1.24,1.95,0
2024-01-06 19:00:00,Cengkareng,30.07,64.83,28.8,E,62.8,9.04,Light Rain,1,0.22,0.57,0
2024-01-06 20:00:00,Grogol,28.24,67.49,15.64,NE,84.56,4.9,Thunderstorm,4,0.89,2.73,1
2024-01-06 21:00:00,Grogol,31.36,88.73,29.32,NW,17.22,5.82,Thunderstorm,4,1.14,1.6,1
2024-01-06 22:00:00,Kembangan,33.34,83.07,22.72,SW,52.92,5.29,Light Rain,1,0.93,0.55,0
2024-01-06 23:00:00,Palmerah,33.26,59.26,4.85,SW,66.71,4.5,Heavy Rain,3,1.52,2.77,1
2024-01-07 00:00:00,Kebon Jeruk,28.51,58.71,14.31,NE,84.58,8.99,Clear,0,1.67,2.3,0
2024-01-07 01:00:00,Cengkareng,25.13,54.92,21.55,N,80.51,9.05,Cloudy,0,1.57,2.22,0
2024-01-07 02:00:00,Kembangan,33.85,83.02,7.42,NE,34.94,4.02,Light Rain,1,0.17,2.16,0
2024-01-07 03:00:00,Palmerah,32.39,88.22,19.22,SE,94.68,6.54,Cloudy,0,0.47,0.68,0
2024-01-07 04:00:00,Kembangan,25.25,63.25,20.0,NW,21.19,9.34,Rain,2,1.12,0.71,1
2024-01-07 05:00:00,Tambora,33.21,51.05,4.88,NW,88.76,9.66,Thunderstorm,4,1.88,2.1,1
2024-01-07 06:00:00,Palmerah,32.7,54.11,16.95,NE,97.38,5.58,Thunderstorm,4,1.69,0.74,1
2024-01-07 07:00:00,Palmerah,29.19,98.39,23.15,E,25.94,5.08,Light Rain,1,1.7,1.37,0
2024-01-07 08:00:00,Kebon Jeruk,29.91,64.77,14.97,E,74.99,3.51,Light Rain,1,0.68,2.37,0
2024-01-07 09:00:00,Palmerah,27.99,88.46,0.36,NW,13.63,9.63,Rain,2,0.92,2.37,0
2024-01-07 10:00:00,Kembangan,24.55,81.23,0.27,S,46.49,2.29,Heavy Rain,3,0.99,1.41,0
2024-01-07 11:00:00,Palmerah,27.35,69.1,10.71,E,56.47,6.22,Light Rain,1,0.4,2.4,1
2024-01-07 12:00:00,Kebon Jeruk,32.03,60.28,27.79,NE,62.26,3.54,Thunderstorm,4,0.16,2.53,1
2024-01-07 13:00:00,Kebon Jeruk,24.05,56.07,6.86,E,94.23,3.51,Cloudy,0,1.9,2.0,0
2024-01-07 14:00:00,Tambora,27.33,80.75,19.03,NW,70.5,4.64,Clear,0,0.56,0.76,0
2024-01-07 15:00:00,Kembangan,27.98,88.73,6.66,N,53.32,9.99,Cloudy,0,0.56,0.89,0
2024-01-07 16:00:00,Grogol,29.37,82.2,9.65,W,82.87,1.49,Heavy Rain,3,0.26,1.01,1
2024-01-07 17:00:00,Grogol,33.2,76.52,25.44,E,95.55,6.21,Clear,0,1.86,0.44,0
2024-01-07 18:00:00,Palmerah,27.46,52.1,21.87,SE,11.99,1.74,Cloudy,0,1.2,0.89,0
2024-01-07 19:00:00,Tambora,27.47,98.42,2.86,N,98.43,2.39,Cloudy,0,1.37,0.71,0
2024-01-07 20:00:00,Cengkareng,31.38,89.94,12.86,S,17.75,4.96,Rain,2,1.83,1.42,1
2024-01-07 21:00:00,Palmerah,28.52,64.64,0.88,SE,83.29,5.59,Heavy Rain,3,0.76,2.73,1
2024-01-07 22:00:00,Tambora,26.25,99.0,14.43,NE,35.23,3.33,Thunderstorm,4,1.28,0.4,0
2024-01-07 23:00:00,Kembangan,28.52,80.09,19.87,W,21.9,3.85,Rain,2,0.17,2.19,1
2024-01-08 00:00:00,Kembangan,25.41,79.12,3.56,NE,49.59,1.78,Clear,0,0.45,2.09,0
2024-01-08 01:00:00,Kembangan,25.76,87.4,8.67,W,67.96,3.73,Thunderstorm,4,1.68,0.38,1
2024-01-08 02:00:00,Kembangan,28.98,90.59,11.94,W,44.29,9.7,Rain,2,1.56,2.78,0
2024-01-08 03:00:00,Kembangan,28.19,82.82,27.59,NE,14.91,9.5,Heavy Rain,3,0.77,1.75,0
2024-01-08 04:00:00,Tambora,33.15,56.4,29.8,SE,63.95,4.01,Light Rain,1,0.82,1.15,0
2024-01-08 05:00:00,Tambora,27.62,66.91,1.35,SE,91.22,6.14,Light Rain,1,1.11,2.29,0
2024-01-08 06:00:00,Kebon Jeruk,29.81,96.4,22.83,W,44.49,9.19,Clear,0,0.1,0.85,0
2024-01-08 07:00:00,Grogol,30.32,61.23,11.15,SE,29.47,1.06,Light Rain,1,0.56,2.11,0
2024-01-08 08:00:00,Kembangan,24.13,68.61,11.77,W,49.83,8.3,Rain,2,0.5,0.22,0
2024-01-08 09:00:00,Cengkareng,30.64,71.6,22.63,NW,14.35,9.54,Clear,0,0.58,2.53,0
2024-01-08 10:00:00,Tambora,25.78,71.97,27.55,W,83.84,1.82,Thunderstorm,4,1.63,1.4,1
2024-01-08 11:00:00,Cengkareng,33.61,80.65,28.53,NW,84.37,2.45,Heavy Rain,3,0.63,1.95,1
2024-01-08 12:00:00,Cengkareng,25.49,97.15,17.31,N,62.92,9.65,Clear,0,0.46,0.74,0
2024-01-08 13:00:00,Cengkareng,28.15,62.03,10.71,SW,41.78,5.84,Thunderstorm,4,1.06,2.06,1
2024-01-08 14:00:00,Kebon Jeruk,24.85,56.08,23.63,N,81.98,1.13,Clear,0,1.74,2.34,0
2024-01-08 15:00:00,Tambora,33.97,59.87,7.53,NE,59.92,3.32,Cloudy,0,0.56,1.47,0
2024-01-08 16:00:00,Cengkareng,29.02,94.35,16.92,SW,84.33,5.05,Cloudy,0,0.25,1.89,0
2024-01-08 17:00:00,Kembangan,29.95,82.29,10.76,E,66.83,7.24,Clear,0,0.78,1.42,0
2024-01-08 18:00:00,Palmerah,24.67,64.3,19.7,NE,80.6,7.6,Light Rain,1,1.52,2.69,0
2024-01-08 19:00:00,Cengkareng,31.5,90.8,7.21,S,63.87,9.96,Cloudy,0,1.15,1.54,0
2024-01-08 20:00:00,Kebon Jeruk,26.1,93.07,5.75,N,47.27,3.59,Heavy Rain,3,1.65,2.54,0
2024-01-08 21:00:00,Tambora,32.98,92.33,27.55,SE,96.22,5.84,Thunderstorm,4,1.92,2.42,1
2024-01-08 22:00:00,Kebon Jeruk,26.05,95.95,3.05,N,58.7,5.8,Rain,2,1.61,1.29,0
2024-01-08 23:00:00,Cengkareng,25.91,62.61,15.18,SE,64.46,4.65,Cloudy,0,1.25,0.77,0
2024-01-09 00:00:00,Tambora,24.37,87.75,6.63,SW,29.84,2.52,Clear,0,1.04,1.28,0
2024-01-09 01:00:00,Palmerah,28.72,73.03,1.17,S,66.31,9.8,Light Rain,1,0.18,2.5,0
2024-01-09 02:00:00,Cengkareng,29.65,92.1,1.08,SW,61.44,8.68,Rain,2,1.97,0.76,0
2024-01-09 03:00:00,Kebon Jeruk,24.66,86.42,5.26,S,26.64,5.48,Thunderstorm,4,0.83,1.62,0
2024-01-09 04:00:00,Grogol,31.76,88.82,26.0,N,15.36,6.43,Thunderstorm,4,0.39,2.44,1
2024-01-09 05:00:00,Kembangan,28.53,82.81,8.47,SE,64.39,3.05,Cloudy,0,1.37,1.13,0
2024-01-09 06:00:00,Kebon Jeruk,29.24,58.87,28.51,SW,78.73,5.89,Thunderstorm,4,0.64,1.96,1
2024-01-09 07:00:00,Tambora,28.41,77.25,17.45,S,57.11,7.25,Thunderstorm,4,1.21,0.81,1
2024-01-09 08:00:00,Cengkareng,28.01,99.23,13.1,W,30.41,5.64,Light Rain,1,1.21,0.42,1
2024-01-09 09:00:00,Kembangan,29.6,96.87,17.4,NE,69.99,9.91,Light Rain,1,0.95,2.4,0
2024-01-09 10:00:00,Cengkareng,25.55,52.16,15.5,NE,17.21,6.5,Light Rain,1,1.69,0.39,0
2024-01-09 11:00:00,Tambora,25.82,58.24,22.76,SW,49.77,4.34,Clear,0,0.6,0.89,0
2024-01-09 12:00:00,Cengkareng,32.62,56.59,8.47,SE,24.7,7.95,Thunderstorm,4,0.95,2.58,0
2024-01-09 13:00:00,Grogol,33.46,86.3,10.59,W,26.6,2.53,Thunderstorm,4,1.12,1.1,1
2024-01-09 14:00:00,Kembangan,27.73,90.89,26.82,SW,28.21,4.46,Thunderstorm,4,1.36,2.92,1
2024-01-09 15:00:00,Kembangan,26.71,60.68,28.39,N,44.8,4.12,Heavy Rain,3,1.59,2.94,1
2024-01-09 16:00:00,Tambora,30.44,75.29,26.78,S,14.6,4.89,Light Rain,1,0.85,0.88,0
2024-01-09 17:00:00,Grogol,28.09,92.04,12.58,NW,45.8,8.04,Rain,2,1.33,0.22,1
2024-01-09 18:00:00,Kebon Jeruk,24.25,86.64,23.41,N,56.05,5.36,Cloudy,0,0.39,2.14,0
2024-01-09 19:00:00,Cengkareng,25.56,77.11,14.29,NE,53.5,8.15,Rain,2,1.87,1.41,0
2024-01-09 20:00:00,Palmerah,31.16,79.52,14.93,S,44.45,6.19,Clear,0,0.83,0.39,0
2024-01-09 21:00:00,Cengkareng,30.59,75.42,6.14,SW,85.52,4.08,Clear,0,1.49,2.15,0
2024-01-09 22:00:00,Cengkareng,24.27,64.88,17.73,N,23.08,8.29,Thunderstorm,4,0.14,0.19,1
2024-01-09 23:00:00,Kebon Jeruk,26.22,78.25,5.58,E,55.51,3.14,Rain,2,0.49,2.62,1
2024-01-10 00:00:00,Cengkareng,26.31,84.44,9.95,NW,15.58,3.02,Thunderstorm,4,1.03,0.5,1
2024-01-10 01:00:00,Grogol,30.72,93.67,25.65,SE,16.4,5.54,Heavy Rain,3,1.77,0.47,0
2024-01-10 02:00:00,Grogol,24.2,81.81,6.21,W,61.65,3.35,Clear,0,1.1,0.61,0
2024-01-10 03:00:00,Kembangan,25.04,88.06,2.13,W,60.94,1.08,Clear,0,1.87,2.88,0
2024-01-10 04:00:00,Tambora,32.0,58.0,2.07,SE,89.02,6.83,Rain,2,1.02,2.11,0
2024-01-10 05:00:00,Palmerah,25.79,73.08,28.22,E,60.21,5.6,Clear,0,1.03,2.42,0
2024-01-10 06:00:00,Cengkareng,30.53,50.47,15.21,NE,96.38,5.01,Heavy Rain,3,0.33,1.25,0
2024-01-10 07:00:00,Cengkareng,26.38,62.33,12.28,S,14.38,9.7,Heavy Rain,3,1.63,1.08,0
2024-01-10 08:00:00,Kebon Jeruk,24.99,86.32,24.33,SE,18.82,6.14,Heavy Rain,3,0.57,0.78,1
2024-01-10 09:00:00,Tambora,26.43,99.59,25.07,E,13.97,8.77,Cloudy,0,1.81,1.49,0
2024-01-10 10:00:00,Grogol,31.22,54.96,9.97,SW,26.67,2.26,Heavy Rain,3,1.83,1.7,1
2024-01-10 11:00:00,Palmerah,32.56,70.07,20.81,NW,58.71,6.12,Heavy Rain,3,1.89,1.93,0
2024-01-10 12:00:00,Kembangan,32.3,90.0,23.13,W,68.1,8.81,Cloudy,0,1.09,0.85,0
2024-01-10 13:00:00,Grogol,27.97,60.2,19.64,NW,14.1,6.25,Thunderstorm,4,1.39,2.85,1
2024-01-10 14:00:00,Tambora,30.68,77.75,4.55,E,95.14,7.46,Light Rain,1,1.58,0.59,0
2024-01-10 15:00:00,Kembangan,26.05,86.65,26.28,NW,85.79,4.35,Clear,0,0.35,2.9,0
2024-01-10 16:00:00,Kebon Jeruk,26.93,80.8,16.17,NE,36.7,1.83,Heavy Rain,3,1.24,0.14,1
2024-01-10 17:00:00,Kebon Jeruk,32.96,59.4,8.47,NE,16.95,5.12,Clear,0,0.17,1.5,0
2024-01-10 18:00:00,Cengkareng,24.13,67.77,12.76,N,25.29,4.55,Rain,2,1.05,1.07,0
2024-01-10 19:00:00,Tambora,24.86,89.19,1.13,SE,21.42,8.8,Clear,0,0.39,1.4,0
2024-01-10 20:00:00,Palmerah,26.08,77.71,3.84,N,21.1,3.2,Thunderstorm,4,0.45,1.75,1
2024-01-10 21:00:00,Kembangan,24.27,50.26,22.97,NW,56.67,9.7,Cloudy,0,0.79,1.36,0
2024-01-10 22:00:00,Grogol,25.81,88.05,0.0,W,32.13,9.62,Clear,0,0.92,1.3,0
2024-01-10 23:00:00,Tambora,29.83,51.77,12.5,E,42.23,3.23,Clear,0,1.28,2.22,0
2024-01-11 00:00:00,Tambora,28.21,87.29,15.68,S,99.06,4.13,Clear,0,0.24,2.09,0
2024-01-11 01:00:00,Kebon Jeruk,32.93,60.12,1.64,NW,71.59,9.06,Light Rain,1,1.06,2.52,0
2024-01-11 02:00:00,Cengkareng,32.17,97.9,29.19,S,95.41,9.7,Light Rain,1,0.45,0.82,0
2024-01-11 03:00:00,Cengkareng,27.42,68.4,6.78,NE,22.83,4.99,Rain,2,1.19,1.87,1
2024-01-11 04:00:00,Kembangan,26.59,66.35,9.13,S,44.39,3.89,Cloudy,0,1.31,1.8,0
2024-01-11 05:00:00,Kebon Jeruk,27.8,57.44,9.12,S,59.93,5.73,Clear,0,1.16,1.17,0
2024-01-11 06:00:00,Tambora,29.9,65.28,6.91,W,16.91,7.19,Clear,0,1.5,1.51,0
2024-01-11 07:00:00,Palmerah,26.68,93.83,0.04,S,10.38,3.46,Clear,0,0.74,1.01,0
2024-01-11 08:00:00,Kebon Jeruk,30.24,99.82,21.88,NW,70.34,7.63,Clear,0,1.55,0.51,0
2024-01-11 09:00:00,Kembangan,28.09,68.42,29.01,E,67.76,1.46,Light Rain,1,0.92,0.72,0
2024-01-11 10:00:00,Kembangan,29.52,72.43,6.73,S,46.97,1.44,Thunderstorm,4,1.02,0.41,1
2024-01-11 11:00:00,Kebon Jeruk,28.36,86.1,19.89,SW,54.07,4.48,Thunderstorm,4,1.33,2.08,1
2024-01-11 12:00:00,Kembangan,26.94,94.31,22.26,S,47.39,4.18,Rain,2,0.13,2.02,0
2024-01-11 13:00:00,Kebon Jeruk,33.48,79.65,25.45,S,12.16,3.84,Heavy Rain,3,1.34,2.86,1
2024-01-11 14:00:00,Grogol,31.64,69.58,12.68,N,40.18,5.42,Cloudy,0,1.28,2.22,0
2024-01-11 15:00:00,Kebon Jeruk,25.4,70.63,9.09,E,25.94,3.89,Thunderstorm,4,0.69,0.25,1
2024-01-11 16:00:00,Kebon Jeruk,32.68,84.78,9.76,NW,18.86,2.73,Clear,0,0.26,2.66,0
2024-01-11 17:00:00,Kembangan,28.87,50.16,21.38,NE,96.1,3.79,Thunderstorm,4,0.27,2.6,1
2024-01-11 18:00:00,Kembangan,32.95,80.98,24.5,N,63.94,9.77,Rain,2,1.85,1.39,0
2024-01-11 19:00:00,Cengkareng,32.0,67.77,5.45,NW,75.58,4.7,Heavy Rain,3,1.41,1.8,1
2024-01-11 20:00:00,Cengkareng,28.25,89.71,11.13,SE,38.38,5.0,Thunderstorm,4,0.34,2.93,1
2024-01-11 21:00:00,Grogol,24.22,54.65,27.06,E,45.38,6.19,Rain,2,0.78,1.64,0
2024-01-11 22:00:00,Cengkareng,26.69,79.41,24.2,SW,31.32,9.85,Light Rain,1,1.23,2.73,1
2024-01-11 23:00:00,Kebon Jeruk,29.42,74.05,29.55,E,18.73,3.17,Heavy Rain,3,1.69,0.34,1
2024-01-12 00:00:00,Kembangan,30.33,82.12,22.63,SE,26.11,7.13,Rain,2,0.18,0.65,0
2024-01-12 01:00:00,Cengkareng,26.58,53.24,11.8,SE,81.78,7.44,Thunderstorm,4,0.55,1.38,0
2024-01-12 02:00:00,Cengkareng,25.39,79.0,17.72,SE,70.98,6.47,Light Rain,1,1.79,1.8,0
2024-01-12 03:00:00,Grogol,32.35,78.07,19.83,W,59.22,1.8,Rain,2,0.12,2.47,0
2024-01-12 04:00:00,Tambora,33.84,78.03,2.35,NE,52.76,7.09,Rain,2,0.48,2.97,1
2024-01-12 05:00:00,Grogol,29.26,80.17,16.33,S,93.02,1.58,Thunderstorm,4,1.92,1.23,1
2024-01-12 06:00:00,Kebon Jeruk,25.72,83.82,21.28,E,16.55,6.37,Heavy Rain,3,1.27,0.24,0
2024-01-12 07:00:00,Kembangan,26.72,90.25,5.02,NW,35.25,7.66,Light Rain,1,0.6,2.42,0
2024-01-12 08:00:00,Grogol,24.18,63.49,23.42,W,41.49,2.9,Clear,0,0.23,1.85,0
2024-01-12 09:00:00,Cengkareng,33.14,91.25,17.51,NW,80.42,8.57,Cloudy,0,0.15,0.68,0
2024-01-12 10:00:00,Kembangan,25.18,74.91,28.57,S,99.33,1.27,Heavy Rain,3,0.57,1.54,0
2024-01-12 11:00:00,Kembangan,29.77,53.85,1.27,S,31.66,8.59,Light Rain,1,1.77,2.25,0
2024-01-12 12:00:00,Cengkareng,26.74,52.93,7.96,SW,88.69,5.14,Rain,2,0.89,2.33,1
2024-01-12 13:00:00,Grogol,29.54,66.71,18.05,SE,84.76,2.96,Light Rain,1,1.47,1.55,1
2024-01-12 14:00:00,Cengkareng,30.51,89.24,8.9,NE,30.22,2.2,Cloudy,0,1.84,0.99,0
2024-01-12 15:00:00,Tambora,32.3,85.38,21.43,SW,45.94,9.58,Thunderstorm,4,0.88,2.92,1
2024-01-12 16:00:00,Kembangan,26.06,89.43,22.77,N,46.87,1.65,Cloudy,0,0.46,2.02,0
2024-01-12 17:00:00,Palmerah,24.11,75.86,3.08,W,98.04,2.79,Clear,0,1.08,1.28,0
2024-01-12 18:00:00,Palmerah,25.37,72.01,15.42,W,26.28,4.13,Clear,0,1.83,0.91,0
2024-01-12 19:00:00,Kebon Jeruk,33.0,57.37,15.27,NE,81.92,6.58,Cloudy,0,1.63,2.22,0
2024-01-12 20:00:00,Cengkareng,32.74,66.41,11.08,S,40.08,5.9,Heavy Rain,3,0.23,0.8,0
2024-01-12 21:00:00,Cengkareng,29.97,71.7,27.99,NW,75.78,2.13,Heavy Rain,3,1.42,0.6,0
2024-01-12 22:00:00,Kebon Jeruk,30.01,54.43,24.83,W,47.8,3.61,Rain,2,1.19,1.64,1
2024-01-12 23:00:00,Kebon Jeruk,30.65,61.03,20.92,NE,62.05,3.15,Clear,0,1.82,0.94,0
2024-01-13 00:00:00,Kebon Jeruk,25.75,79.91,21.43,W,84.94,2.92,Rain,2,0.33,1.92,0
2024-01-13 01:00:00,Kembangan,33.14,86.78,13.85,W,82.37,4.7,Clear,0,1.11,0.44,0
2024-01-13 02:00:00,Tambora,28.19,99.92,27.63,SE,87.98,7.34,Cloudy,0,1.77,2.0,0
2024-01-13 03:00:00,Cengkareng,27.83,96.66,20.84,N,15.37,2.96,Heavy Rain,3,0.88,0.92,1
2024-01-13 04:00:00,Kembangan,29.19,82.13,21.87,SE,72.28,4.3,Heavy Rain,3,1.02,0.1,0
2024-01-13 05:00:00,Kebon Jeruk,24.47,71.06,25.85,N,22.6,4.52,Cloudy,0,0.23,0.47,0
2024-01-13 06:00:00,Cengkareng,25.66,81.81,8.22,W,47.42,9.79,Rain,2,0.63,2.81,1
2024-01-13 07:00:00,Kembangan,31.38,89.28,24.21,SW,59.37,9.59,Rain,2,0.72,2.62,1
2024-01-13 08:00:00,Tambora,24.83,55.92,5.86,NW,46.25,8.2,Light Rain,1,1.9,0.78,1
2024-01-13 09:00:00,Kembangan,30.03,70.5,10.36,S,56.77,3.17,Clear,0,0.64,2.36,0
2024-01-13 10:00:00,Tambora,26.45,91.99,10.07,W,99.69,1.61,Rain,2,0.98,1.86,1
2024-01-13 11:00:00,Kebon Jeruk,27.89,69.19,29.36,N,22.17,3.85,Cloudy,0,1.38,2.92,0
2024-01-13 12:00:00,Tambora,26.89,78.59,25.7,N,70.79,3.4,Rain,2,0.41,1.18,0
2024-01-13 13:00:00,Cengkareng,27.56,79.39,21.04,N,45.64,5.55,Heavy Rain,3,1.02,2.08,0
2024-01-13 14:00:00,Kebon Jeruk,31.19,59.22,21.81,W,21.97,8.0,Clear,0,1.5,0.28,0
2024-01-13 15:00:00,Cengkareng,26.97,68.11,16.86,NE,24.29,8.72,Thunderstorm,4,1.75,1.25,1
2024-01-13 16:00:00,Palmerah,29.66,66.73,28.41,SW,95.43,8.6,Light Rain,1,1.29,2.9,0
2024-01-13 17:00:00,Grogol,28.76,51.31,14.89,NE,89.16,4.24,Clear,0,1.37,1.66,0
2024-01-13 18:00:00,Tambora,30.64,51.21,11.42,S,91.63,7.19,Heavy Rain,3,0.34,0.93,0
2024-01-13 19:00:00,Grogol,33.37,91.58,4.89,W,99.24,3.82,Heavy Rain,3,1.9,0.45,1
2024-01-13 20:00:00,Grogol,31.33,63.65,23.59,N,28.75,1.55,Heavy Rain,3,0.35,2.14,1
2024-01-13 21:00:00,Tambora,26.15,75.9,22.03,SW,41.99,7.31,Heavy Rain,3,1.57,1.97,0
2024-01-13 22:00:00,Kebon Jeruk,24.31,64.94,11.53,SW,70.23,1.09,Cloudy,0,0.6,1.18,0
2024-01-13 23:00:00,Palmerah,26.62,97.03,0.76,E,53.54,4.68,Light Rain,1,1.87,2.86,0
2024-01-14 00:00:00,Cengkareng,29.95,62.96,25.17,S,47.66,3.96,Thunderstorm,4,1.47,0.16,1
2024-01-14 01:00:00,Kembangan,24.51,71.48,0.34,NW,42.2,7.24,Heavy Rain,3,1.53,0.98,1
2024-01-14 02:00:00,Cengkareng,28.96,93.64,21.11,NW,63.44,7.9,Heavy Rain,3,0.52,2.77,1
2024-01-14 03:00:00,Kembangan,29.97,92.1,29.11,SW,61.8,3.74,Rain,2,0.94,1.03,0
2024-01-14 04:00:00,Cengkareng,27.34,59.31,13.13,W,24.53,8.3,Light Rain,1,1.27,0.83,0
2024-01-14 05:00:00,Tambora,31.71,90.13,7.05,N,52.46,3.65,Clear,0,1.56,1.65,0
2024-01-14 06:00:00,Palmerah,25.07,72.91,21.15,N,59.81,5.02,Light Rain,1,0.3,2.49,0
2024-01-14 07:00:00,Kembangan,24.75,74.15,24.51,SW,61.33,7.54,Light Rain,1,1.93,0.4,0
2024-01-14 08:00:00,Kebon Jeruk,31.28,56.67,16.39,NE,28.91,7.24,Thunderstorm,4,1.79,2.83,1
2024-01-14 09:00:00,Cengkareng,28.95,54.03,29.01,S,76.8,9.89,Light Rain,1,0.61,2.41,0
2024-01-14 10:00:00,Cengkareng,30.88,86.4,1.55,N,12.27,3.03,Thunderstorm,4,1.66,0.63,1
2024-01-14 11:00:00,Kembangan,28.35,74.82,15.14,SW,41.93,6.96,Heavy Rain,3,1.08,2.16,0
2024-01-14 12:00:00,Kebon Jeruk,26.46,71.84,21.55,N,80.22,6.49,Heavy Rain,3,0.98,1.22,0
2024-01-14 13:00:00,Kebon Jeruk,32.19,86.48,25.88,NW,60.75,9.24,Cloudy,0,0.7,1.27,0
2024-01-14 14:00:00,Tambora,31.99,88.28,5.38,SW,33.5,2.41,Thunderstorm,4,1.2,2.37,1
2024-01-14 15:00:00,Tambora,30.95,57.95,24.0,S,72.55,7.77,Thunderstorm,4,1.49,2.89,0
2024-01-14 16:00:00,Tambora,26.72,80.51,16.58,SW,61.07,6.11,Clear,0,0.88,0.47,0
2024-01-14 17:00:00,Tambora,29.9,56.77,11.9,E,81.66,3.47,Rain,2,1.3,1.32,1
2024-01-14 18:00:00,Tambora,27.61,87.57,3.95,SW,76.15,5.27,Light Rain,1,1.43,1.49,0
2024-01-14 19:00:00,Tambora,24.92,82.85,25.96,SW,64.91,4.0,Clear,0,1.45,1.19,0
2024-01-14 20:00:00,Palmerah,33.17,97.83,4.72,W,53.94,6.21,Thunderstorm,4,0.2,1.15,0
2024-01-14 21:00:00,Kebon Jeruk,25.37,53.45,9.29,NW,21.99,9.0,Clear,0,1.73,0.25,0
2024-01-14 22:00:00,Tambora,33.5,52.85,8.7,S,33.52,6.12,Cloudy,0,0.97,2.09,0
2024-01-14 23:00:00,Kebon Jeruk,28.46,64.11,26.14,W,47.72,6.69,Rain,2,0.6,1.37,0
2024-01-15 00:00:00,Kebon Jeruk,25.85,63.09,20.18,SW,63.94,5.67,Thunderstorm,4,0.56,0.66,1
2024-01-15 01:00:00,Grogol,29.42,62.35,23.9,S,56.23,1.46,Thunderstorm,4,1.02,2.47,1
2024-01-15 02:00:00,Palmerah,32.73,95.31,7.51,E,35.94,3.1,Light Rain,1,1.78,2.43,1
2024-01-15 03:00:00,Tambora,31.32,62.48,18.75,S,10.58,5.43,Rain,2,0.82,1.51,0
2024-01-15 04:00:00,Cengkareng,32.07,63.6,17.15,N,54.66,3.79,Cloudy,0,1.52,0.97,0
2024-01-15 05:00:00,Kembangan,30.59,87.97,24.98,W,35.71,2.64,Heavy Rain,3,0.28,1.95,1
2024-01-15 06:00:00,Cengkareng,30.92,72.49,27.18,S,76.11,5.54,Clear,0,1.0,0.94,0
2024-01-15 07:00:00,Palmerah,32.49,88.84,0.36,NW,12.16,3.91,Light Rain,1,1.98,0.78,0
2024-01-15 08:00:00,Kembangan,26.5,53.27,20.22,E,62.63,3.32,Thunderstorm,4,1.56,2.22,1
2024-01-15 09:00:00,Palmerah,28.89,74.38,1.56,SE,94.73,5.18,Heavy Rain,3,0.5,0.22,1
2024-01-15 10:00:00,Kebon Jeruk,26.21,51.68,16.47,SW,25.7,2.2,Cloudy,0,1.05,0.37,0
2024-01-15 11:00:00,Kembangan,33.88,53.13,8.63,S,52.45,9.35,Rain,2,0.54,0.12,0
2024-01-15 12:00:00,Kebon Jeruk,33.44,95.32,9.2,SW,18.23,8.81,Clear,0,0.88,0.54,0
2024-01-15 13:00:00,Cengkareng,24.39,56.96,10.59,NE,66.31,7.37,Light Rain,1,1.58,0.3,0
2024-01-15 14:00:00,Cengkareng,31.06,76.62,18.64,N,59.55,1.96,Thunderstorm,4,1.57,2.99,1
2024-01-15 15:00:00,Kembangan,33.25,70.55,10.02,W,46.66,7.98,Thunderstorm,4,0.53,0.94,1
2024-01-15 16:00:00,Kembangan,25.81,67.37,21.98,N,56.92,8.27,Heavy Rain,3,1.85,0.53,0
2024-01-15 17:00:00,Tambora,29.68,94.99,12.14,NE,90.69,7.91,Heavy Rain,3,1.23,0.8,0
2024-01-15 18:00:00,Palmerah,33.15,51.09,2.05,NE,27.67,2.03,Clear,0,0.82,2.81,0
2024-01-15 19:00:00,Tambora,24.34,83.19,23.51,W,12.03,6.8,Rain,2,1.05,1.61,1
2024-01-15 20:00:00,Palmerah,30.97,98.17,8.57,S,87.55,8.51,Cloudy,0,1.25,1.16,0
2024-01-15 21:00:00,Tambora,26.97,78.01,12.98,NE,61.94,6.2,Rain,2,1.16,2.63,1
2024-01-15 22:00:00,Kebon Jeruk,33.24,96.84,20.56,SE,90.16,6.82,Rain,2,1.02,1.25,0
2024-01-15 23:00:00,Kembangan,33.71,52.61,9.97,SW,63.73,5.13,Rain,2,1.06,1.07,1
2024-01-16 00:00:00,Cengkareng,33.44,70.94,1.7,SW,82.91,5.76,Clear,0,0.44,0.7,0
2024-01-16 01:00:00,Palmerah,28.74,63.01,11.22,E,48.67,1.31,Clear,0,1.64,1.2,0
2024-01-16 02:00:00,Palmerah,32.62,86.54,28.33,NW,77.49,6.75,Cloudy,0,1.13,1.02,0
2024-01-16 03:00:00,Cengkareng,32.45,99.06,19.25,NE,92.17,1.73,Rain,2,0.35,2.06,1
2024-01-16 04:00:00,Tambora,27.19,62.83,20.14,NE,61.49,4.92,Clear,0,1.56,0.94,0
2024-01-16 05:00:00,Palmerah,32.29,82.71,18.97,SE,26.27,3.63,Cloudy,0,1.87,1.77,0
2024-01-16 06:00:00,Kebon Jeruk,24.37,59.9,5.97,N,34.19,5.91,Thunderstorm,4,1.9,0.29,1
2024-01-16 07:00:00,Kembangan,29.96,78.27,12.55,N,27.88,2.2,Cloudy,0,0.8,0.65,0
2024-01-16 08:00:00,Cengkareng,26.3,73.2,22.53,SW,32.22,7.22,Rain,2,0.36,1.28,0
2024-01-16 09:00:00,Kembangan,25.21,98.6,3.04,SW,37.58,8.16,Light Rain,1,1.08,2.82,0
2024-01-16 10:00:00,Palmerah,24.77,80.43,8.34,S,59.96,2.47,Rain,2,0.31,1.19,0
2024-01-16 11:00:00,Palmerah,30.96,67.48,8.29,W,62.92,1.94,Light Rain,1,1.87,2.03,1
2024-01-16 12:00:00,Cengkareng,27.4,55.7,12.96,NW,48.38,2.31,Cloudy,0,0.45,0.84,0
2024-01-16 13:00:00,Kebon Jeruk,31.25,57.56,29.41,SE,65.39,8.89,Thunderstorm,4,0.58,0.47,1
2024-01-16 14:00:00,Grogol,24.65,61.27,2.03,W,17.34,5.75,Thunderstorm,4,0.87,0.27,1
2024-01-16 15:00:00,Cengkareng,27.15,62.55,15.56,W,17.9,5.21,Clear,0,0.83,0.99,0
2024-01-16 16:00:00,Grogol,29.39,92.53,5.38,E,25.46,1.96,Thunderstorm,4,1.61,0.56,1
2024-01-16 17:00:00,Tambora,31.91,78.06,29.12,W,56.63,6.85,Heavy Rain,3,0.97,0.6,0
2024-01-16 18:00:00,Grogol,27.19,76.17,3.4,E,29.26,8.81,Cloudy,0,0.42,2.31,0
2024-01-16 19:00:00,Kebon Jeruk,30.26,55.74,12.11,W,35.5,8.45,Clear,0,0.61,0.15,0
2024-01-16 20:00:00,Tambora,32.86,93.01,22.14,SE,46.03,6.63,Thunderstorm,4,1.07,1.72,1
2024-01-16 21:00:00,Grogol,30.16,86.14,21.14,E,83.07,1.68,Cloudy,0,0.38,1.2,0
2024-01-16 22:00:00,Tambora,26.33,53.38,12.68,N,11.25,2.01,Rain,2,1.26,1.57,0
2024-01-16 23:00:00,Grogol,24.24,85.39,10.4,E,68.44,1.44,Thunderstorm,4,1.17,1.73,1
2024-01-17 00:00:00,Kebon Jeruk,32.7,77.18,11.93,E,70.2,3.32,Light Rain,1,1.46,1.01,1
2024-01-17 01:00:00,Grogol,24.21,54.09,7.93,SE,81.88,2.22,Cloudy,0,1.88,0.96,0
2024-01-17 02:00:00,Grogol,32.75,72.92,6.16,SE,93.95,3.34,Clear,0,1.83,2.23,0
2024-01-17 03:00:00,Grogol,29.29,74.23,14.49,E,11.81,4.47,Rain,2,1.9,2.63,0
2024-01-17 04:00:00,Cengkareng,33.39,58.29,8.06,NW,23.84,9.49,Heavy Rain,3,0.56,0.66,1
2024-01-17 05:00:00,Cengkareng,31.99,97.28,8.62,NE,89.76,6.49,Rain,2,0.35,0.38,0
2024-01-17 06:00:00,Cengkareng,33.98,92.5,19.7,NW,51.27,8.51,Thunderstorm,4,0.67,2.7,1
2024-01-17 07:00:00,Kebon Jeruk,27.51,83.45,29.06,SE,60.81,7.39,Light Rain,1,1.8,1.11,1
2024-01-17 08:00:00,Tambora,31.67,73.11,18.11,NW,69.67,2.01,Rain,2,1.95,1.7,1
2024-01-17 09:00:00,Palmerah,28.02,70.59,2.31,NW,71.12,7.62,Heavy Rain,3,1.73,1.14,1
2024-01-17 10:00:00,Grogol,28.8,82.55,2.27,S,93.86,3.48,Clear,0,0.31,0.46,0
2024-01-17 11:00:00,Grogol,30.28,77.27,28.54,S,99.73,6.75,Cloudy,0,1.9,1.81,0
2024-01-17 12:00:00,Kebon Jeruk,32.74,53.11,8.92,N,74.81,4.07,Light Rain,1,0.9,1.62,0
2024-01-17 13:00:00,Grogol,33.84,75.63,2.76,W,35.85,9.98,Heavy Rain,3,0.12,0.69,1
2024-01-17 14:00:00,Cengkareng,31.68,90.32,17.97,E,89.18,3.37,Thunderstorm,4,0.94,1.41,1
2024-01-17 15:00:00,Palmerah,28.18,72.96,18.71,NE,14.43,3.51,Thunderstorm,4,0.19,2.41,0
2024-01-17 16:00:00,Kembangan,28.21,52.6,19.46,N,30.8,9.38,Thunderstorm,4,1.13,1.81,1
2024-01-17 17:00:00,Grogol,31.38,89.31,8.02,E,90.76,1.22,Light Rain,1,0.74,0.38,0
2024-01-17 18:00:00,Cengkareng,26.39,60.07,0.45,NW,33.06,7.27,Rain,2,1.0,1.69,0
2024-01-17 19:00:00,Kembangan,25.1,62.93,28.95,SE,29.86,7.53,Light Rain,1,1.27,2.14,0
2024-01-17 20:00:00,Palmerah,27.55,58.24,7.53,S,22.43,8.53,Thunderstorm,4,1.75,2.4,1
2024-01-17 21:00:00,Kembangan,26.87,66.51,20.28,SW,87.32,9.77,Heavy Rain,3,1.36,1.92,1
2024-01-17 22:00:00,Cengkareng,26.96,87.84,21.2,NE,55.01,9.78,Cloudy,0,0.92,0.54,0
2024-01-17 23:00:00,Tambora,26.34,75.97,18.3,NW,70.74,1.59,Cloudy,0,1.66,2.16,0
2024-01-18 00:00:00,Tambora,24.42,60.24,9.39,SW,31.52,8.4,Light Rain,1,1.82,2.06,0
2024-01-18 01:00:00,Kembangan,24.18,93.89,8.13,S,78.22,6.82,Thunderstorm,4,0.33,0.17,1
2024-01-18 02:00:00,Kebon Jeruk,33.88,93.98,17.93,NW,78.4,6.83,Clear,0,1.11,1.29,0
2024-01-18 03:00:00,Kembangan,28.28,93.53,25.98,W,38.13,2.16,Light Rain,1,0.64,1.07,0
2024-01-18 04:00:00,Grogol,27.84,61.94,28.4,W,46.96,6.85,Thunderstorm,4,0.19,2.04,0
2024-01-18 05:00:00,Grogol,30.8,72.56,3.18,SW,28.87,9.84,Rain,2,1.37,0.73,0
2024-01-18 06:00:00,Tambora,26.18,99.25,4.64,SE,97.89,9.21,Cloudy,0,1.74,1.81,0
2024-01-18 07:00:00,Kebon Jeruk,33.5,88.6,28.34,NW,68.1,4.95,Cloudy,0,0.41,2.75,0
2024-01-18 08:00:00,Cengkareng,31.86,51.36,22.1,E,94.11,1.36,Cloudy,0,1.64,2.41,0
2024-01-18 09:00:00,Grogol,24.89,53.26,26.49,NW,37.3,4.26,Clear,0,1.72,2.77,0
2024-01-18 10:00:00,Tambora,28.18,73.2,6.08,SE,80.37,8.44,Thunderstorm,4,1.84,2.94,1
2024-01-18 11:00:00,Palmerah,32.79,95.46,17.63,NW,78.93,7.31,Thunderstorm,4,0.6,0.13,1
2024-01-18 12:00:00,Tambora,33.45,76.94,21.03,SW,72.25,5.13,Thunderstorm,4,1.82,1.91,1
2024-01-18 13:00:00,Grogol,28.67,74.89,20.4,SE,96.91,1.5,Thunderstorm,4,0.71,1.3,1
2024-01-18 14:00:00,Grogol,30.13,55.27,12.24,S,45.42,4.84,Clear,0,1.15,2.59,0
2024-01-18 15:00:00,Tambora,25.67,82.84,0.46,NE,21.76,5.22,Heavy Rain,3,0.2,0.83,1
2024-01-18 16:00:00,Cengkareng,33.91,91.11,17.49,SE,70.45,9.36,Light Rain,1,0.18,2.94,0
2024-01-18 17:00:00,Kembangan,26.32,69.02,7.59,NW,75.64,6.77,Light Rain,1,1.47,1.88,0
2024-01-18 18:00:00,Grogol,33.43,88.78,13.51,S,61.76,3.8,Thunderstorm,4,0.94,2.4,1
2024-01-18 19:00:00,Tambora,30.5,98.22,28.73,NE,28.61,5.73,Rain,2,0.59,0.35,0
2024-01-18 20:00:00,Tambora,30.08,60.19,11.97,W,55.4,1.59,Cloudy,0,0.46,0.63,0
2024-01-18 21:00:00,Kebon Jeruk,29.13,76.17,25.19,E,38.1,9.75,Clear,0,1.37,2.3,0
2024-01-18 22:00:00,Kembangan,26.31,64.36,5.66,SW,48.47,4.24,Rain,2,0.1,0.16,1
2024-01-18 23:00:00,Palmerah,25.77,89.64,20.17,NW,68.07,5.3,Rain,2,1.63,2.47,1
2024-01-19 00:00:00,Cengkareng,26.2,78.88,29.31,NW,77.07,4.2,Thunderstorm,4,0.25,0.14,1
2024-01-19 01:00:00,Palmerah,25.86,81.73,3.06,W,30.9,7.14,Clear,0,0.46,2.01,0
2024-01-19 02:00:00,Kembangan,31.8,89.9,0.25,E,46.48,6.96,Light Rain,1,0.83,1.16,0
2024-01-19 03:00:00,Kembangan,27.5,69.8,13.01,W,34.22,7.44,Cloudy,0,1.02,1.87,0
2024-01-19 04:00:00,Kembangan,24.58,95.75,2.78,N,27.88,3.41,Light Rain,1,0.77,2.12,0
2024-01-19 05:00:00,Palmerah,33.69,76.65,22.45,W,80.5,3.84,Rain,2,0.71,1.09,0
2024-01-19 06:00:00,Kembangan,32.84,57.9,27.44,S,91.83,2.13,Cloudy,0,1.93,0.41,0
2024-01-19 07:00:00,Tambora,33.28,84.79,13.02,NE,43.32,6.9,Heavy Rain,3,1.32,0.3,0
2024-01-19 08:00:00,Palmerah,33.95,89.66,7.76,NW,77.62,1.36,Rain,2,0.14,1.81,0
2024-01-19 09:00:00,Kembangan,25.74,65.84,13.03,W,90.73,6.38,Light Rain,1,0.92,1.61,0
2024-01-19 10:00:00,Tambora,27.96,92.86,21.7,NW,86.15,8.83,Light Rain,1,1.76,2.25,0
2024-01-19 11:00:00,Kebon Jeruk,31.58,95.31,0.27,SE,26.45,9.02,Thunderstorm,4,0.67,1.58,1
2024-01-19 12:00:00,Kembangan,30.96,63.85,17.68,E,96.07,5.04,Light Rain,1,0.28,1.33,0
2024-01-19 13:00:00,Palmerah,25.54,99.18,18.4,W,43.9,5.13,Clear,0,1.54,1.25,0
2024-01-19 14:00:00,Grogol,32.16,57.04,19.13,NE,40.53,1.69,Rain,2,1.25,0.18,0
2024-01-19 15:00:00,Kembangan,26.24,60.1,7.26,S,15.62,7.04,Cloudy,0,1.18,1.07,0
2024-01-19 16:00:00,Grogol,26.24,59.21,21.42,N,53.76,8.39,Light Rain,1,0.2,2.93,1
2024-01-19 17:00:00,Tambora,29.37,94.7,2.74,NW,19.81,3.2,Thunderstorm,4,0.37,2.63,1
2024-01-19 18:00:00,Kebon Jeruk,29.93,82.71,5.98,E,32.37,4.79,Thunderstorm,4,1.28,1.06,1
2024-01-19 19:00:00,Cengkareng,29.8,57.61,26.32,SW,38.52,8.55,Light Rain,1,0.49,1.8,1
2024-01-19 20:00:00,Kebon Jeruk,24.91,72.02,22.16,NE,82.79,8.89,Clear,0,1.06,2.56,0
2024-01-19 21:00:00,Kembangan,32.77,80.76,0.41,SW,88.79,3.19,Thunderstorm,4,1.14,1.38,1
2024-01-19 22:00:00,Grogol,26.66,54.17,7.45,NE,37.22,5.96,Cloudy,0,0.64,0.15,0
2024-01-19 23:00:00,Grogol,25.3,94.12,6.43,NE,87.28,2.73,Rain,2,1.9,0.32,0
2024-01-20 00:00:00,Palmerah,32.89,90.18,8.12,S,87.15,1.92,Heavy Rain,3,1.7,1.58,1
2024-01-20 01:00:00,Grogol,33.56,75.26,7.43,S,78.82,9.2,Clear,0,1.47,2.91,0
2024-01-20 02:00:00,Palmerah,32.62,98.36,1.88,S,23.2,8.38,Thunderstorm,4,0.25,2.11,1
2024-01-20 03:00:00,Tambora,32.1,70.89,13.77,W,72.13,7.84,Rain,2,0.3,0.31,0
2024-01-20 04:00:00,Cengkareng,30.55,99.21,21.98,SE,95.05,1.44,Heavy Rain,3,1.04,0.65,1
2024-01-20 05:00:00,Kembangan,29.51,83.4,18.2,NE,71.43,8.59,Light Rain,1,0.41,2.34,1
2024-01-20 06:00:00,Palmerah,24.87,81.73,20.19,E,39.85,4.94,Light Rain,1,1.96,2.54,1
2024-01-20 07:00:00,Cengkareng,28.08,58.3,2.43,SW,55.05,4.08,Cloudy,0,0.4,1.89,0
2024-01-20 08:00:00,Grogol,27.73,94.1,28.54,S,68.12,5.92,Heavy Rain,3,1.03,1.97,0
2024-01-20 09:00:00,Grogol,26.6,71.37,25.15,W,55.95,1.82,Light Rain,1,0.79,0.18,1
2024-01-20 10:00:00,Cengkareng,31.23,58.11,24.15,S,20.8,7.81,Light Rain,1,1.31,2.5,0
2024-01-20 11:00:00,Grogol,28.96,50.63,24.69,SW,38.09,6.24,Thunderstorm,4,0.35,2.39,1
2024-01-20 12:00:00,Tambora,24.81,77.99,27.98,SW,82.22,2.68,Cloudy,0,0.92,0.85,0
2024-01-20 13:00:00,Tambora,26.2,76.37,16.33,NW,87.53,2.69,Rain,2,0.62,2.16,1
2024-01-20 14:00:00,Cengkareng,30.83,85.97,6.01,NE,22.36,2.66,Light Rain,1,1.79,0.72,0
2024-01-20 15:00:00,Palmerah,24.76,94.51,18.5,S,95.71,1.51,Clear,0,0.18,0.22,0
2024-01-20 16:00:00,Palmerah,32.51,53.97,22.29,SW,39.59,6.29,Clear,0,1.84,0.68,0
2024-01-20 17:00:00,Cengkareng,28.95,86.57,22.14,SE,69.61,8.56,Rain,2,1.68,0.62,0
2024-01-20 18:00:00,Palmerah,28.81,59.37,15.64,SE,77.66,1.16,Heavy Rain,3,0.67,1.08,0
2024-01-20 19:00:00,Palmerah,29.92,92.91,2.05,S,83.08,1.44,Cloudy,0,1.6,1.31,0
2024-01-20 20:00:00,Tambora,32.25,90.95,11.13,W,95.12,6.15,Thunderstorm,4,0.16,1.57,1
2024-01-20 21:00:00,Palmerah,27.48,77.04,27.62,SW,38.16,8.38,Clear,0,1.94,1.48,0
2024-01-20 22:00:00,Kebon Jeruk,30.78,85.51,17.53,NW,87.27,3.94,Clear,0,1.1,0.88,0
2024-01-20 23:00:00,Kembangan,29.66,65.72,16.15,NE,21.85,4.15,Rain,2,0.68,0.18,1
2024-01-21 00:00:00,Grogol,26.67,73.56,8.07,NE,73.45,6.37,Heavy Rain,3,0.79,1.85,1
2024-01-21 01:00:00,Kebon Jeruk,32.79,91.08,11.05,W,76.78,3.47,Heavy Rain,3,0.23,1.25,1
2024-01-21 02:00:00,Palmerah,31.97,72.96,26.86,NW,71.0,1.24,Rain,2,1.98,0.97,0
2024-01-21 03:00:00,Tambora,30.58,67.89,19.99,NE,32.71,7.62,Clear,0,0.17,2.61,0
2024-01-21 04:00:00,Cengkareng,32.51,74.71,23.62,NW,88.57,6.63,Cloudy,0,1.34,2.27,0
2024-01-21 05:00:00,Palmerah,32.67,91.41,13.63,N,25.2,6.23,Clear,0,0.94,2.59,0
2024-01-21 06:00:00,Tambora,31.08,66.76,18.91,S,14.83,7.68,Heavy Rain,3,1.9,1.54,0
2024-01-21 07:00:00,Kembangan,32.37,58.69,7.45,NE,74.57,7.08,Thunderstorm,4,0.57,0.48,1
2024-01-21 08:00:00,Palmerah,30.97,85.6,21.16,SE,52.79,2.85,Clear,0,1.11,2.12,0
2024-01-21 09:00:00,Cengkareng,30.8,91.3,12.83,SW,86.42,4.17,Cloudy,0,1.02,0.7,0
2024-01-21 10:00:00,Tambora,30.19,55.03,13.28,NW,44.51,2.13,Light Rain,1,1.44,1.38,0
2024-01-21 11:00:00,Tambora,31.53,61.99,19.48,NW,25.15,2.17,Clear,0,0.23,0.29,0
2024-01-21 12:00:00,Tambora,25.59,57.1,28.09,E,85.28,7.09,Rain,2,0.47,2.49,1
2024-01-21 13:00:00,Kembangan,32.81,67.4,1.92,W,59.4,8.73,Light Rain,1,0.51,0.47,0
2024-01-21 14:00:00,Palmerah,32.72,72.52,24.74,E,27.03,9.66,Rain,2,1.5,2.72,0
2024-01-21 15:00:00,Kembangan,24.29,87.44,8.77,NE,74.83,6.66,Rain,2,0.46,2.61,0
2024-01-21 16:00:00,Grogol,32.26,82.56,13.32,E,56.0,2.66,Rain,2,1.19,1.45,1
2024-01-21 17:00:00,Grogol,25.29,81.05,0.66,E,64.39,1.95,Clear,0,0.51,2.26,0
2024-01-21 18:00:00,Palmerah,27.35,67.62,9.03,N,51.48,8.32,Heavy Rain,3,1.74,1.9,0
2024-01-21 19:00:00,Kembangan,31.44,92.07,15.08,NW,84.58,6.21,Light Rain,1,1.89,2.43,0
2024-01-21 20:00:00,Cengkareng,25.61,73.56,1.69,SE,84.66,6.56,Cloudy,0,1.09,1.35,0
2024-01-21 21:00:00,Tambora,32.18,98.96,14.73,W,73.84,8.03,Heavy Rain,3,0.77,2.38,1
2024-01-21 22:00:00,Tambora,32.32,81.71,27.81,SE,19.49,7.33,Clear,0,0.54,1.44,0
2024-01-21 23:00:00,Palmerah,29.07,56.31,3.16,N,85.5,8.51,Rain,2,0.19,2.83,1
2024-01-22 00:00:00,Grogol,24.06,83.81,22.93,N,70.39,1.51,Cloudy,0,0.61,1.51,0
2024-01-22 01:00:00,Grogol,26.87,66.26,12.29,E,72.73,7.73,Light Rain,1,1.34,1.44,0
2024-01-22 02:00:00,Tambora,30.17,84.32,19.66,S,42.67,8.66,Heavy Rain,3,1.11,2.38,1
2024-01-22 03:00:00,Palmerah,33.81,53.48,7.81,NW,89.14,3.58,Thunderstorm,4,1.89,2.48,1
2024-01-22 04:00:00,Kembangan,30.32,58.74,4.78,SW,75.28,6.76,Heavy Rain,3,0.85,1.71,1
2024-01-22 05:00:00,Grogol,26.6,92.79,4.81,NW,20.13,3.83,Cloudy,0,1.42,0.62,0
2024-01-22 06:00:00,Kembangan,30.34,61.36,2.11,SW,46.7,9.62,Clear,0,1.03,1.46,0
2024-01-22 07:00:00,Grogol,29.4,91.85,5.57,E,89.77,1.3,Light Rain,1,1.07,2.91,0
2024-01-22 08:00:00,Grogol,31.8,63.96,19.93,SW,14.25,6.22,Cloudy,0,0.61,2.28,0
2024-01-22 09:00:00,Kebon Jeruk,25.07,82.14,26.45,N,96.53,2.5,Rain,2,0.96,2.45,1
2024-01-22 10:00:00,Grogol,31.61,84.71,24.42,SE,71.12,7.41,Light Rain,1,0.99,0.2,1
2024-01-22 11:00:00,Cengkareng,29.41,75.63,20.55,SW,66.82,2.58,Heavy Rain,3,1.44,1.46,0
2024-01-22 12:00:00,Palmerah,33.63,65.27,3.31,NW,34.35,3.12,Cloudy,0,1.89,1.98,0
2024-01-22 13:00:00,Palmerah,27.42,60.63,8.68,W,32.39,5.45,Heavy Rain,3,0.73,2.51,1
2024-01-22 14:00:00,Kembangan,30.33,51.66,9.29,E,94.79,9.23,Heavy Rain,3,0.18,0.24,1
2024-01-22 15:00:00,Grogol,33.32,65.2,7.5,S,36.84,2.91,Heavy Rain,3,1.04,2.57,0
2024-01-22 16:00:00,Cengkareng,25.03,82.66,15.45,E,79.8,2.3,Clear,0,1.13,1.69,0
2024-01-22 17:00:00,Kembangan,33.37,96.92,16.07,NE,45.38,7.83,Heavy Rain,3,0.42,0.67,1
2024-01-22 18:00:00,Kebon Jeruk,30.88,93.56,10.71,E,22.53,5.51,Rain,2,1.54,1.02,1
2024-01-22 19:00:00,Kembangan,24.68,88.3,10.61,N,10.96,9.21,Rain,2,1.97,0.92,1
2024-01-22 20:00:00,Kembangan,27.01,89.42,24.86,SE,58.98,2.32,Light Rain,1,1.9,1.64,0
2024-01-22 21:00:00,Grogol,31.08,83.25,23.68,SE,97.82,6.81,Thunderstorm,4,0.47,0.25,0
2024-01-22 22:00:00,Kebon Jeruk,24.67,63.01,9.23,W,43.22,3.1,Heavy Rain,3,1.76,0.56,0
2024-01-22 23:00:00,Kembangan,29.82,95.36,27.41,SW,42.15,2.41,Heavy Rain,3,1.44,2.46,1
2024-01-23 00:00:00,Cengkareng,27.46,83.54,28.58,N,40.97,7.15,Cloudy,0,0.96,0.48,0
2024-01-23 01:00:00,Cengkareng,30.21,78.02,9.8,NE,56.85,6.34,Clear,0,1.13,0.78,0
2024-01-23 02:00:00,Palmerah,24.46,55.55,10.63,N,49.66,7.79,Thunderstorm,4,1.71,1.41,1
2024-01-23 03:00:00,Kebon Jeruk,32.72,72.35,15.17,E,89.19,3.79,Light Rain,1,1.01,1.6,0
2024-01-23 04:00:00,Kebon Jeruk,33.73,73.02,28.23,N,55.5,5.03,Thunderstorm,4,0.81,2.31,1
2024-01-23 05:00:00,Palmerah,33.69,93.23,26.29,N,55.7,4.65,Heavy Rain,3,1.04,1.4,1
2024-01-23 06:00:00,Kembangan,31.5,77.33,3.08,W,22.45,9.86,Cloudy,0,1.2,2.39,0
2024-01-23 07:00:00,Kebon Jeruk,25.3,69.02,11.78,NE,98.45,3.63,Clear,0,0.46,1.89,0
2024-01-23 08:00:00,Cengkareng,31.58,98.84,16.6,E,32.5,3.65,Light Rain,1,1.81,0.43,0
2024-01-23 09:00:00,Cengkareng,24.25,55.54,15.09,S,16.6,4.19,Thunderstorm,4,1.38,0.55,1
2024-01-23 10:00:00,Grogol,24.22,71.13,5.82,W,69.68,6.08,Light Rain,1,1.3,1.37,0
2024-01-23 11:00:00,Kebon Jeruk,27.24,52.1,25.76,S,63.58,3.27,Heavy Rain,3,0.29,1.25,1
2024-01-23 12:00:00,Kembangan,28.89,87.0,20.31,W,47.36,9.24,Light Rain,1,1.25,2.26,1
2024-01-23 13:00:00,Palmerah,31.7,95.9,25.14,SE,48.0,3.39,Cloudy,0,0.33,1.78,0
2024-01-23 14:00:00,Palmerah,30.83,64.0,25.76,NW,80.66,9.06,Light Rain,1,0.25,1.23,0
2024-01-23 15:00:00,Kembangan,28.46,92.92,22.45,W,27.61,1.93,Rain,2,1.1,0.6,1
2024-01-23 16:00:00,Tambora,26.74,64.61,13.18,SW,83.82,6.91,Cloudy,0,0.87,0.76,0
2024-01-23 17:00:00,Grogol,33.97,95.54,18.32,N,68.39,9.16,Thunderstorm,4,1.22,1.77,0
2024-01-23 18:00:00,Palmerah,28.26,87.7,4.81,SE,47.71,2.52,Clear,0,0.27,1.33,0
2024-01-23 19:00:00,Kebon Jeruk,28.51,90.25,20.21,NE,51.22,9.71,Clear,0,0.92,1.59,0
2024-01-23 20:00:00,Grogol,25.64,50.9,5.38,S,33.1,5.08,Heavy Rain,3,0.43,0.59,1
2024-01-23 21:00:00,Kebon Jeruk,31.95,98.14,20.82,NW,77.69,9.51,Heavy Rain,3,1.98,2.02,1
2024-01-23 22:00:00,Cengkareng,30.94,86.33,6.89,NW,56.16,7.09,Rain,2,1.17,2.57,0
2024-01-23 23:00:00,Grogol,26.21,65.24,3.53,W,38.88,3.71,Thunderstorm,4,1.41,0.85,1
2024-01-24 00:00:00,Palmerah,24.82,91.47,4.96,N,63.64,2.69,Clear,0,0.72,1.53,0
2024-01-24 01:00:00,Grogol,30.8,64.08,0.06,NE,99.62,3.73,Clear,0,0.28,2.93,0
2024-01-24 02:00:00,Grogol,30.55,93.64,21.56,SW,49.17,1.84,Clear,0,1.95,1.07,0
2024-01-24 03:00:00,Grogol,26.73,55.63,21.97,NE,92.86,2.29,Clear,0,0.64,1.83,0
2024-01-24 04:00:00,Tambora,33.51,85.18,15.45,N,41.05,1.94,Light Rain,1,0.91,0.36,0
2024-01-24 05:00:00,Grogol,25.51,77.03,4.84,SW,14.93,4.81,Thunderstorm,4,1.33,1.86,0
2024-01-24 06:00:00,Kebon Jeruk,28.32,54.83,2.51,NE,28.38,8.16,Cloudy,0,0.15,0.36,0
2024-01-24 07:00:00,Cengkareng,33.44,62.09,0.57,SW,47.68,2.27,Cloudy,0,1.64,2.88,0
2024-01-24 08:00:00,Kembangan,28.2,50.62,4.97,W,29.77,2.17,Rain,2,1.12,2.18,1
2024-01-24 09:00:00,Grogol,30.39,73.44,26.73,W,10.02,6.79,Light Rain,1,0.63,2.39,0
2024-01-24 10:00:00,Palmerah,27.98,65.06,7.25,N,92.35,2.77,Clear,0,0.22,2.14,0
2024-01-24 11:00:00,Grogol,26.74,79.92,10.63,N,85.95,1.88,Clear,0,0.41,1.81,0
2024-01-24 12:00:00,Palmerah,33.84,64.86,3.16,SW,76.81,2.5,Heavy Rain,3,1.8,1.4,1
2024-01-24 13:00:00,Kebon Jeruk,28.09,65.0,6.67,E,25.1,9.31,Heavy Rain,3,1.4,2.59,1
2024-01-24 14:00:00,Palmerah,32.94,87.16,15.58,SE,20.83,8.39,Rain,2,0.57,2.87,0
2024-01-24 15:00:00,Kembangan,26.3,52.41,18.23,NW,16.08,4.19,Clear,0,0.22,1.55,0
2024-01-24 16:00:00,Cengkareng,26.13,95.14,7.36,NE,75.16,6.9,Rain,2,1.41,2.8,0
2024-01-24 17:00:00,Palmerah,24.31,92.61,1.73,NE,93.59,5.84,Light Rain,1,1.19,1.79,0
2024-01-24 18:00:00,Palmerah,30.52,83.39,11.73,E,48.75,7.09,Cloudy,0,0.87,1.66,0
2024-01-24 19:00:00,Cengkareng,27.69,79.66,7.03,E,20.72,7.14,Clear,0,0.79,1.42,0
2024-01-24 20:00:00,Kembangan,32.64,94.62,6.59,E,56.12,6.66,Thunderstorm,4,0.51,0.71,1
2024-01-24 21:00:00,Grogol,28.73,59.27,28.8,S,41.39,3.39,Light Rain,1,1.37,0.11,0
2024-01-24 22:00:00,Palmerah,33.68,53.95,18.49,S,43.73,1.35,Clear,0,1.94,0.8,0
2024-01-24 23:00:00,Cengkareng,25.86,61.98,16.71,SW,65.92,5.1,Thunderstorm,4,0.43,1.58,1
2024-01-25 00:00:00,Kebon Jeruk,32.69,89.73,12.47,S,74.68,9.02,Heavy Rain,3,1.23,1.2,1
2024-01-25 01:00:00,Cengkareng,31.77,51.73,12.87,W,19.95,6.13,Rain,2,0.91,1.4,0
2024-01-25 02:00:00,Kebon Jeruk,31.71,79.14,16.23,W,13.2,8.49,Heavy Rain,3,0.95,2.94,0
2024-01-25 03:00:00,Kembangan,32.45,99.77,20.89,N,99.49,9.92,Cloudy,0,0.58,1.12,0
2024-01-25 04:00:00,Grogol,31.61,92.78,21.06,NW,30.95,2.47,Heavy Rain,3,1.67,1.41,1
2024-01-25 05:00:00,Cengkareng,30.26,76.07,5.15,SW,14.84,7.23,Clear,0,1.02,0.49,0
2024-01-25 06:00:00,Tambora,25.31,53.18,15.0,NW,27.09,7.07,Thunderstorm,4,1.13,0.24,1
2024-01-25 07:00:00,Palmerah,24.33,91.57,12.36,NE,13.51,9.82,Heavy Rain,3,0.68,2.35,1
2024-01-25 08:00:00,Kembangan,33.21,79.95,26.12,SE,45.26,9.87,Clear,0,0.45,1.75,0
2024-01-25 09:00:00,Cengkareng,30.17,55.75,18.94,N,82.22,7.18,Cloudy,0,0.26,2.31,0
2024-01-25 10:00:00,Palmerah,31.97,54.69,15.98,NE,40.71,3.19,Thunderstorm,4,1.46,0.53,1
2024-01-25 11:00:00,Cengkareng,28.82,95.48,3.46,NE,49.98,8.19,Heavy Rain,3,0.47,1.76,0
2024-01-25 12:00:00,Kebon Jeruk,25.17,83.46,18.17,SW,70.8,1.96,Rain,2,1.41,0.84,0
2024-01-25 13:00:00,Cengkareng,25.25,91.46,3.52,E,55.8,8.03,Rain,2,0.84,0.76,0
2024-01-25 14:00:00,Tambora,30.86,93.95,10.12,E,87.53,9.19,Thunderstorm,4,0.89,0.13,1
2024-01-25 15:00:00,Cengkareng,28.3,78.59,4.29,NW,87.94,4.45,Rain,2,0.99,0.48,1
2024-01-25 16:00:00,Cengkareng,26.01,75.87,20.76,N,10.89,6.68,Heavy Rain,3,0.8,1.0,0
2024-01-25 17:00:00,Tambora,28.92,71.52,6.19,E,80.02,4.87,Heavy Rain,3,0.29,0.44,1
2024-01-25 18:00:00,Kembangan,24.64,65.85,11.76,NE,51.47,4.94,Thunderstorm,4,0.69,2.96,0
2024-01-25 19:00:00,Cengkareng,29.82,71.73,26.87,E,99.0,3.79,Heavy Rain,3,1.36,1.0,1
2024-01-25 20:00:00,Tambora,26.69,88.69,6.13,S,53.49,7.86,Clear,0,1.36,0.48,0
2024-01-25 21:00:00,Palmerah,31.98,80.1,15.23,E,98.82,9.43,Cloudy,0,0.64,0.68,0
2024-01-25 22:00:00,Kebon Jeruk,27.1,94.63,12.58,NE,77.91,9.47,Rain,2,0.97,1.8,0
2024-01-25 23:00:00,Kebon Jeruk,28.55,72.17,0.54,NW,32.37,2.57,Clear,0,0.47,0.29,0
2024-01-26 00:00:00,Cengkareng,24.12,80.35,23.78,SW,58.46,8.87,Thunderstorm,4,0.5,2.6,1
2024-01-26 01:00:00,Kembangan,24.72,81.57,2.07,N,99.29,7.64,Rain,2,0.14,2.89,0
2024-01-26 02:00:00,Kembangan,27.92,79.58,14.23,SE,87.18,3.28,Clear,0,1.8,0.82,0
2024-01-26 03:00:00,Palmerah,28.8,85.13,16.82,E,18.76,1.61,Heavy Rain,3,0.5,1.41,0
2024-01-26 04:00:00,Cengkareng,30.0,61.87,18.85,W,73.57,3.41,Thunderstorm,4,0.53,0.16,1
2024-01-26 05:00:00,Kebon Jeruk,26.92,75.62,20.66,W,41.1,9.21,Thunderstorm,4,0.63,1.96,1
2024-01-26 06:00:00,Kembangan,30.95,55.21,7.6,NW,10.63,6.7,Rain,2,0.34,1.3,1
2024-01-26 07:00:00,Cengkareng,32.6,69.23,0.3,NE,46.31,7.49,Heavy Rain,3,1.31,0.88,1
2024-01-26 08:00:00,Kembangan,31.8,74.38,21.7,SE,31.13,3.31,Rain,2,0.24,0.7,0
2024-01-26 09:00:00,Tambora,24.4,82.61,16.07,SE,83.7,7.47,Light Rain,1,0.35,2.0,0
2024-01-26 10:00:00,Kembangan,28.81,97.53,25.08,S,40.36,1.25,Clear,0,1.33,1.31,0
2024-01-26 11:00:00,Kebon Jeruk,25.05,80.03,24.64,SE,84.48,4.38,Light Rain,1,0.75,0.62,0
2024-01-26 12:00:00,Grogol,26.42,87.18,25.3,W,10.05,6.64,Clear,0,1.45,2.1,0
2024-01-26 13:00:00,Palmerah,33.87,75.31,14.55,SW,37.7,2.31,Cloudy,0,1.16,1.74,0
2024-01-26 14:00:00,Palmerah,25.42,81.71,10.01,NE,31.7,8.41,Thunderstorm,4,0.59,2.59,1
2024-01-26 15:00:00,Kebon Jeruk,28.99,53.55,23.75,NE,31.02,3.12,Rain,2,1.34,0.44,0
2024-01-26 16:00:00,Kembangan,30.18,62.72,13.54,E,16.14,6.87,Cloudy,0,0.32,2.38,0
2024-01-26 17:00:00,Cengkareng,31.02,68.09,5.5,E,26.84,4.65,Cloudy,0,1.12,2.05,0
2024-01-26 18:00:00,Kembangan,29.6,73.62,25.65,E,60.0,6.36,Thunderstorm,4,0.93,0.43,1
2024-01-26 19:00:00,Kebon Jeruk,24.1,52.28,26.48,W,36.22,1.97,Thunderstorm,4,0.61,2.11,1
2024-01-26 20:00:00,Palmerah,27.26,57.0,13.99,W,47.57,1.15,Clear,0,1.25,1.38,0
2024-01-26 21:00:00,Kembangan,29.18,63.84,2.27,NW,43.92,9.19,Light Rain,1,1.76,2.84,1
2024-01-26 22:00:00,Palmerah,24.88,98.58,11.63,W,88.83,3.43,Heavy Rain,3,2.0,0.51,1
2024-01-26 23:00:00,Cengkareng,27.51,66.57,24.11,W,91.48,8.38,Clear,0,1.25,1.96,0
2024-01-27 00:00:00,Palmerah,24.33,74.1,27.05,W,54.37,9.99,Heavy Rain,3,0.87,1.21,0
2024-01-27 01:00:00,Palmerah,24.79,59.8,6.1,W,39.71,2.9,Cloudy,0,0.53,2.87,0
2024-01-27 02:00:00,Grogol,27.97,80.54,2.01,SW,19.61,3.39,Heavy Rain,3,0.59,1.06,1
2024-01-27 03:00:00,Grogol,25.33,64.03,26.32,W,95.81,6.97,Light Rain,1,1.01,2.89,0
2024-01-27 04:00:00,Tambora,29.68,60.35,11.68,NW,15.42,9.69,Clear,0,0.8,2.71,0
2024-01-27 05:00:00,Grogol,30.89,75.83,16.25,SE,36.79,9.24,Thunderstorm,4,1.84,0.88,1
2024-01-27 06:00:00,Palmerah,32.01,50.28,29.04,SE,36.83,5.53,Light Rain,1,0.8,2.43,0
2024-01-27 07:00:00,Kebon Jeruk,26.0,50.38,2.0,S,38.84,8.16,Light Rain,1,0.81,2.99,1
2024-01-27 08:00:00,Palmerah,25.67,60.95,19.45,SW,24.79,2.22,Clear,0,0.83,0.83,0
2024-01-27 09:00:00,Kebon Jeruk,25.05,51.84,2.22,E,80.48,9.8,Thunderstorm,4,1.69,1.37,0
2024-01-27 10:00:00,Kebon Jeruk,30.36,55.4,11.26,N,21.02,9.68,Light Rain,1,1.34,1.61,1
2024-01-27 11:00:00,Grogol,31.06,66.94,24.11,W,67.14,2.47,Thunderstorm,4,1.27,0.96,1
2024-01-27 12:00:00,Kembangan,24.32,90.13,13.0,S,21.15,3.69,Rain,2,0.73,0.14,0
2024-01-27 13:00:00,Cengkareng,33.36,78.6,29.92,N,16.35,1.9,Rain,2,1.65,0.74,0
2024-01-27 14:00:00,Grogol,24.52,75.63,16.77,NW,91.85,3.45,Rain,2,0.17,0.92,1
2024-01-27 15:00:00,Grogol,29.41,64.67,9.63,SE,27.11,8.34,Heavy Rain,3,1.75,1.39,0
2024-01-27 16:00:00,Kembangan,31.09,96.59,6.6,S,83.91,4.4,Light Rain,1,1.07,0.6,0
2024-01-27 17:00:00,Cengkareng,32.71,69.85,10.52,NW,59.02,1.8,Clear,0,0.86,2.63,0
2024-01-27 18:00:00,Palmerah,31.14,54.35,11.18,S,17.01,4.08,Clear,0,1.04,2.14,0
2024-01-27 19:00:00,Tambora,32.02,80.85,2.06,NE,95.99,9.83,Heavy Rain,3,1.37,0.35,0
2024-01-27 20:00:00,Tambora,27.39,55.69,11.09,NW,32.23,6.67,Clear,0,0.12,1.99,0
2024-01-27 21:00:00,Palmerah,32.15,67.26,13.93,SE,87.37,4.75,Rain,2,1.76,2.0,0
2024-01-27 22:00:00,Grogol,24.8,75.37,21.68,SE,25.19,2.5,Light Rain,1,0.95,2.87,0
2024-01-27 23:00:00,Cengkareng,32.95,93.71,19.7,SW,86.85,9.88,Clear,0,0.75,0.11,0
2024-01-28 00:00:00,Grogol,29.48,74.68,21.26,S,11.19,8.39,Clear,0,0.36,0.82,0
2024-01-28 01:00:00,Kebon Jeruk,32.17,85.11,0.25,W,56.06,3.53,Cloudy,0,0.93,2.79,0
2024-01-28 02:00:00,Grogol,28.52,99.64,6.53,SE,79.25,1.63,Cloudy,0,1.04,2.8,0
2024-01-28 03:00:00,Grogol,30.44,56.57,19.85,S,94.13,1.51,Cloudy,0,0.87,2.19,0
2024-01-28 04:00:00,Palmerah,29.26,63.74,14.52,SW,91.83,2.08,Light Rain,1,1.39,2.32,0
2024-01-28 05:00:00,Palmerah,31.32,69.73,0.16,W,83.77,6.23,Rain,2,0.9,0.37,0
2024-01-28 06:00:00,Palmerah,24.82,71.09,24.13,NW,89.94,9.36,Thunderstorm,4,1.93,1.59,1
2024-01-28 07:00:00,Tambora,24.6,70.55,23.18,SW,27.93,5.47,Rain,2,1.24,0.77,0
2024-01-28 08:00:00,Kebon Jeruk,26.47,95.38,16.45,NE,35.58,8.59,Rain,2,1.63,0.63,0
2024-01-28 09:00:00,Palmerah,25.6,85.7,1.99,W,36.01,5.01,Light Rain,1,0.31,2.45,0
2024-01-28 10:00:00,Cengkareng,32.72,80.4,23.0,S,43.93,7.38,Light Rain,1,0.85,0.49,0
2024-01-28 11:00:00,Tambora,26.19,65.47,17.51,SE,45.4,7.59,Cloudy,0,0.74,1.46,0
2024-01-28 12:00:00,Kembangan,33.76,91.19,23.46,SE,59.01,2.57,Clear,0,1.18,2.82,0
2024-01-28 13:00:00,Cengkareng,27.37,97.75,22.55,S,24.39,4.25,Heavy Rain,3,1.74,0.64,0
2024-01-28 14:00:00,Cengkareng,25.82,91.06,24.09,S,72.21,6.74,Heavy Rain,3,0.25,2.94,1
2024-01-28 15:00:00,Palmerah,31.9,50.08,15.54,S,25.08,1.64,Thunderstorm,4,0.24,2.98,1
2024-01-28 16:00:00,Kembangan,30.59,81.82,4.21,E,37.93,4.25,Clear,0,1.72,1.71,0
2024-01-28 17:00:00,Kembangan,28.98,52.56,20.13,W,55.3,5.81,Thunderstorm,4,0.5,0.59,0
2024-01-28 18:00:00,Tambora,29.55,62.88,18.61,SE,81.68,9.97,Cloudy,0,1.37,1.02,0
2024-01-28 19:00:00,Kembangan,31.19,52.98,22.27,W,76.55,5.27,Thunderstorm,4,1.13,1.33,1
2024-01-28 20:00:00,Kebon Jeruk,26.28,80.19,5.1,SW,68.1,8.34,Clear,0,1.68,1.0,0
2024-01-28 21:00:00,Palmerah,33.96,84.33,5.85,SE,24.02,4.89,Clear,0,0.34,0.91,0
2024-01-28 22:00:00,Kembangan,33.75,55.72,26.71,E,59.23,8.17,Heavy Rain,3,0.35,2.92,0
2024-01-28 23:00:00,Tambora,30.5,69.19,22.5,S,17.87,6.36,Cloudy,0,1.16,0.54,0
2024-01-29 00:00:00,Kebon Jeruk,26.0,72.81,27.25,NE,43.96,8.98,Light Rain,1,1.9,2.23,0
2024-01-29 01:00:00,Grogol,30.8,68.45,22.76,S,47.22,4.7,Thunderstorm,4,0.89,0.1,1
2024-01-29 02:00:00,Grogol,24.72,56.05,17.91,NW,13.58,6.44,Heavy Rain,3,0.72,1.83,0
2024-01-29 03:00:00,Kebon Jeruk,24.31,70.95,19.62,S,34.66,6.67,Thunderstorm,4,1.25,2.76,1
2024-01-29 04:00:00,Tambora,26.58,87.56,26.67,E,96.01,4.76,Thunderstorm,4,1.87,0.94,1
2024-01-29 05:00:00,Kebon Jeruk,28.63,53.55,17.36,W,95.83,2.3,Light Rain,1,1.69,0.64,0
2024-01-29 06:00:00,Palmerah,32.68,54.01,18.97,SE,41.71,1.84,Cloudy,0,1.99,1.99,0
2024-01-29 07:00:00,Palmerah,31.27,67.74,4.69,S,13.88,1.15,Clear,0,0.14,2.17,0
2024-01-29 08:00:00,Grogol,31.43,97.09,14.22,SE,26.12,8.86,Rain,2,0.31,2.1,1
2024-01-29 09:00:00,Kembangan,28.25,83.43,21.49,N,45.3,3.13,Thunderstorm,4,1.26,1.03,1
2024-01-29 10:00:00,Tambora,27.46,83.93,8.13,SW,95.3,2.9,Rain,2,1.66,0.83,0
2024-01-29 11:00:00,Grogol,27.71,68.1,6.07,W,22.71,7.62,Cloudy,0,0.64,2.87,0
2024-01-29 12:00:00,Kembangan,33.88,79.68,9.41,SE,78.72,3.88,Rain,2,0.55,2.78,1
2024-01-29 13:00:00,Kembangan,24.4,50.51,7.25,NE,19.78,5.55,Thunderstorm,4,1.6,1.43,1
2024-01-29 14:00:00,Palmerah,32.67,81.8,6.45,SW,98.31,2.46,Light Rain,1,0.21,2.55,0
2024-01-29 15:00:00,Cengkareng,29.79,95.66,12.75,NW,44.35,9.64,Rain,2,0.8,1.41,0
2024-01-29 16:00:00,Cengkareng,28.39,80.63,27.24,NW,79.77,8.66,Cloudy,0,1.06,1.33,0
2024-01-29 17:00:00,Kebon Jeruk,31.25,93.68,15.21,NE,40.83,8.77,Cloudy,0,1.16,0.55,0
2024-01-29 18:00:00,Palmerah,28.87,86.2,5.64,S,66.49,4.66,Light Rain,1,1.48,1.34,0
2024-01-29 19:00:00,Kembangan,32.73,56.03,2.31,SW,27.28,7.86,Rain,2,0.77,1.66,0
2024-01-29 20:00:00,Tambora,33.01,95.12,20.88,SE,23.14,2.29,Rain,2,1.26,0.17,0
2024-01-29 21:00:00,Cengkareng,28.22,53.32,11.48,SW,94.43,1.08,Clear,0,1.21,1.39,0
2024-01-29 22:00:00,Kembangan,26.77,76.7,24.65,S,92.59,1.18,Heavy Rain,3,1.14,2.37,1
2024-01-29 23:00:00,Cengkareng,29.92,57.11,19.79,E,89.87,6.28,Cloudy,0,1.32,2.07,0
2024-01-30 00:00:00,Cengkareng,33.12,50.59,23.89,W,66.29,5.1,Clear,0,0.59,1.94,0
2024-01-30 01:00:00,Cengkareng,26.11,71.1,8.16,NE,82.74,5.66,Cloudy,0,0.26,2.74,0
2024-01-30 02:00:00,Tambora,30.23,64.75,20.77,S,16.21,1.07,Clear,0,0.33,0.15,0
2024-01-30 03:00:00,Palmerah,30.32,74.3,7.92,E,40.13,4.8,Heavy Rain,3,0.53,1.72,1
2024-01-30 04:00:00,Tambora,31.33,78.86,28.17,SW,38.23,7.46,Clear,0,1.05,2.38,0
2024-01-30 05:00:00,Grogol,25.32,52.19,19.09,SW,67.21,4.98,Cloudy,0,1.7,1.67,0
2024-01-30 06:00:00,Kembangan,31.16,56.15,9.74,S,42.04,7.59,Rain,2,1.43,1.04,0
2024-01-30 07:00:00,Palmerah,33.09,77.93,8.09,SE,23.37,3.1,Cloudy,0,1.6,0.5,0
2024-01-30 08:00:00,Palmerah,25.8,67.16,5.73,SW,63.68,8.32,Thunderstorm,4,0.77,2.67,1
2024-01-30 09:00:00,Palmerah,26.38,86.46,20.84,SE,83.29,6.3,Light Rain,1,0.87,1.47,0
2024-01-30 10:00:00,Palmerah,33.71,82.61,6.56,SE,44.39,2.9,Light Rain,1,0.85,2.65,0
2024-01-30 11:00:00,Tambora,25.81,92.28,17.86,W,21.9,3.13,Thunderstorm,4,0.46,1.8,1
2024-01-30 12:00:00,Palmerah,32.54,84.62,7.94,SE,27.7,6.65,Light Rain,1,0.22,2.06,0
2024-01-30 13:00:00,Kebon Jeruk,28.92,71.5,19.86,N,31.37,8.47,Light Rain,1,1.22,2.43,0
2024-01-30 14:00:00,Kembangan,26.47,83.65,24.45,W,36.99,4.74,Heavy Rain,3,1.98,2.01,1
2024-01-30 15:00:00,Palmerah,32.71,63.77,23.34,E,67.85,3.32,Rain,2,0.42,1.25,0
2024-01-30 16:00:00,Kembangan,28.45,65.32,22.83,E,64.09,8.8,Rain,2,0.19,1.59,0
2024-01-30 17:00:00,Kebon Jeruk,29.15,89.45,5.63,SW,72.65,7.02,Cloudy,0,1.58,2.43,0
2024-01-30 18:00:00,Kebon Jeruk,27.59,72.32,2.65,SW,42.63,5.03,Thunderstorm,4,0.58,1.18,1
2024-01-30 19:00:00,Kembangan,29.93,89.92,20.97,SE,84.16,5.39,Clear,0,1.68,1.23,0
2024-01-30 20:00:00,Cengkareng,25.64,91.12,11.05,W,28.37,2.84,Cloudy,0,1.44,0.38,0
2024-01-30 21:00:00,Grogol,27.91,92.88,12.97,W,52.21,6.64,Cloudy,0,1.9,2.75,0
2024-01-30 22:00:00,Cengkareng,33.69,95.83,0.93,N,82.08,4.23,Cloudy,0,0.88,0.36,0
2024-01-30 23:00:00,Cengkareng,26.58,71.55,7.79,SE,26.21,9.96,Cloudy,0,1.36,1.98,0
2024-01-31 00:00:00,Tambora,30.57,65.94,1.01,N,19.89,5.32,Rain,2,0.98,1.3,1
2024-01-31 01:00:00,Cengkareng,27.25,79.11,26.38,NW,89.53,5.37,Clear,0,1.3,1.28,0
2024-01-31 02:00:00,Palmerah,31.73,68.56,7.3,SE,40.86,6.09,Cloudy,0,0.95,2.07,0
2024-01-31 03:00:00,Tambora,25.31,80.05,16.72,NE,71.55,9.25,Rain,2,0.46,0.29,0
2024-01-31 04:00:00,Tambora,33.7,85.28,1.17,NE,12.28,8.21,Cloudy,0,1.07,1.82,0
2024-01-31 05:00:00,Kebon Jeruk,28.54,84.42,20.01,S,72.1,5.06,Light Rain,1,1.1,2.34,0
2024-01-31 06:00:00,Cengkareng,26.36,68.73,9.69,SE,38.45,7.47,Cloudy,0,1.64,2.5,0
2024-01-31 07:00:00,Kebon Jeruk,24.73,58.34,26.94,W,15.02,6.28,Thunderstorm,4,1.5,0.59,0
2024-01-31 08:00:00,Kembangan,25.7,71.53,26.64,SW,64.88,5.43,Thunderstorm,4,1.36,2.7,1
2024-01-31 09:00:00,Grogol,29.2,57.13,9.76,E,31.67,2.73,Cloudy,0,0.32,2.0,0
2024-01-31 10:00:00,Tambora,27.37,94.5,27.03,S,44.81,5.18,Heavy Rain,3,1.47,2.66,1
2024-01-31 11:00:00,Kembangan,32.29,67.29,29.88,SW,17.25,3.21,Light Rain,1,1.05,1.51,0
2024-01-31 12:00:00,Kembangan,28.31,57.72,24.76,NE,23.24,9.23,Clear,0,1.8,1.67,0
2024-01-31 13:00:00,Palmerah,26.49,51.27,25.35,SE,36.82,4.02,Cloudy,0,1.85,2.77,0
2024-01-31 14:00:00,Grogol,30.17,82.29,7.47,S,18.08,9.57,Clear,0,0.2,2.71,0
2024-01-31 15:00:00,Kembangan,31.07,81.85,17.3,SE,91.97,5.8,Light Rain,1,1.66,1.4,0
2024-01-31 16:00:00,Kembangan,25.67,67.03,2.02,NE,10.54,6.68,Cloudy,0,0.17,0.9,0
2024-01-31 17:00:00,Grogol,25.68,53.59,2.85,S,53.55,5.89,Heavy Rain,3,0.8,1.24,1
2024-01-31 18:00:00,Grogol,24.37,70.48,29.97,NE,21.09,2.16,Rain,2,1.13,1.22,0
2024-01-31 19:00:00,Kembangan,31.36,65.56,9.8,N,37.69,4.38,Heavy Rain,3,0.38,0.93,1
2024-01-31 20:00:00,Grogol,30.64,83.86,22.45,NE,93.35,1.89,Heavy Rain,3,1.52,0.88,1
2024-01-31 21:00:00,Kembangan,28.75,80.29,24.2,W,24.55,6.61,Rain,2,0.12,2.6,0
2024-01-31 22:00:00,Kembangan,32.44,68.23,25.74,W,96.92,5.02,Rain,2,0.42,0.3,0
2024-01-31 23:00:00,Palmerah,32.06,60.89,29.93,SE,28.52,8.0,Thunderstorm,4,1.2,2.07,1
2024-02-01 00:00:00,Cengkareng,29.85,99.4,7.24,E,76.74,2.98,Rain,2,1.46,0.6,1
2024-02-01 01:00:00,Kembangan,32.68,72.7,1.21,NE,59.2,2.48,Cloudy,0,1.84,1.1,0
2024-02-01 02:00:00,Kebon Jeruk,26.06,84.41,12.34,SW,89.6,4.66,Clear,0,1.44,0.28,0
2024-02-01 03:00:00,Tambora,25.12,57.03,3.9,W,59.86,9.34,Thunderstorm,4,1.38,0.88,1
2024-02-01 04:00:00,Cengkareng,26.7,74.28,0.67,NW,58.11,7.39,Thunderstorm,4,0.85,2.33,1
2024-02-01 05:00:00,Cengkareng,24.57,51.38,10.81,E,27.59,4.77,Clear,0,0.1,2.67,0
2024-02-01 06:00:00,Cengkareng,29.31,75.27,23.51,N,24.96,5.66,Thunderstorm,4,0.33,0.74,1
2024-02-01 07:00:00,Palmerah,33.37,98.2,16.99,S,92.48,1.76,Rain,2,1.12,1.44,1
2024-02-01 08:00:00,Kembangan,24.39,69.21,9.38,S,39.51,9.86,Heavy Rain,3,1.38,1.46,0
2024-02-01 09:00:00,Palmerah,25.22,51.95,19.63,W,43.49,7.0,Light Rain,1,0.89,2.63,0
2024-02-01 10:00:00,Kembangan,28.52,51.55,6.96,E,78.38,3.57,Rain,2,1.49,2.31,0
2024-02-01 11:00:00,Palmerah,33.34,69.4,0.43,W,40.49,6.27,Heavy Rain,3,1.09,1.59,1
2024-02-01 12:00:00,Palmerah,27.16,58.0,22.93,S,95.69,1.99,Heavy Rain,3,0.24,2.05,0
2024-02-01 13:00:00,Tambora,29.07,51.17,18.71,NW,76.41,9.69,Thunderstorm,4,0.46,2.56,1
2024-02-01 14:00:00,Kebon Jeruk,24.42,87.81,22.87,NE,63.77,2.57,Cloudy,0,1.7,0.13,0
2024-02-01 15:00:00,Palmerah,25.48,72.93,1.17,E,89.28,6.83,Cloudy,0,1.48,1.27,0
2024-02-01 16:00:00,Tambora,33.87,64.46,25.11,SE,14.46,3.21,Thunderstorm,4,1.8,2.73,1
2024-02-01 17:00:00,Grogol,33.65,95.0,18.59,NE,33.14,7.46,Thunderstorm,4,0.32,2.25,1
2024-02-01 18:00:00,Kebon Jeruk,24.05,55.81,16.9,NE,51.85,7.99,Clear,0,1.98,1.67,0
2024-02-01 19:00:00,Palmerah,33.52,97.8,18.74,NE,30.43,7.06,Clear,0,0.5,1.64,0
2024-02-01 20:00:00,Cengkareng,30.39,65.7,25.93,SE,76.95,6.53,Light Rain,1,0.12,1.11,0
2024-02-01 21:00:00,Grogol,32.68,94.42,17.61,NW,92.73,9.03,Light Rain,1,2.0,1.61,0
2024-02-01 22:00:00,Grogol,28.55,80.15,17.43,N,48.14,1.71,Light Rain,1,0.63,2.0,0
2024-02-01 23:00:00,Tambora,29.16,91.34,29.72,NW,40.79,3.98,Light Rain,1,1.37,1.31,0
2024-02-02 00:00:00,Grogol,28.89,99.2,22.7,NW,96.54,3.23,Heavy Rain,3,0.44,2.17,0
2024-02-02 01:00:00,Kebon Jeruk,30.67,64.42,13.27,NW,50.04,9.89,Heavy Rain,3,1.2,2.6,1
2024-02-02 02:00:00,Palmerah,25.4,98.06,21.22,SW,54.01,4.5,Clear,0,1.82,0.55,0
2024-02-02 03:00:00,Palmerah,24.3,69.47,11.68,W,41.65,7.59,Cloudy,0,0.71,1.41,0
2024-02-02 04:00:00,Cengkareng,27.08,69.28,6.87,S,91.86,7.16,Thunderstorm,4,1.37,1.28,1
2024-02-02 05:00:00,Tambora,31.05,67.02,17.91,W,61.21,2.91,Cloudy,0,0.46,2.09,0
2024-02-02 06:00:00,Cengkareng,26.02,77.07,27.85,E,78.6,3.15,Rain,2,1.29,0.82,0
2024-02-02 07:00:00,Grogol,30.73,57.71,27.87,NW,83.06,3.53,Heavy Rain,3,0.74,1.96,1
2024-02-02 08:00:00,Cengkareng,33.7,77.69,10.26,N,40.77,4.7,Light Rain,1,0.5,2.64,0
2024-02-02 09:00:00,Kebon Jeruk,24.94,77.09,15.83,E,49.03,3.11,Light Rain,1,0.7,1.31,0
2024-02-02 10:00:00,Palmerah,30.73,88.1,6.35,W,86.36,1.18,Rain,2,0.44,2.74,0
2024-02-02 11:00:00,Grogol,28.44,91.68,29.87,S,42.69,8.91,Cloudy,0,1.81,2.98,0
2024-02-02 12:00:00,Cengkareng,32.68,72.02,29.43,SE,81.45,9.69,Light Rain,1,0.85,0.41,0
2024-02-02 13:00:00,Tambora,25.77,65.12,19.49,W,94.69,4.07,Cloudy,0,0.57,0.78,0
2024-02-02 14:00:00,Kebon Jeruk,30.93,62.97,24.13,NE,66.09,4.05,Thunderstorm,4,0.95,2.86,0
2024-02-02 15:00:00,Kebon Jeruk,32.38,59.73,21.45,W,76.75,1.06,Rain,2,0.71,2.88,1
2024-02-02 16:00:00,Cengkareng,33.45,52.88,17.79,NE,82.46,7.12,Cloudy,0,1.51,0.38,0
2024-02-02 17:00:00,Palmerah,30.83,67.12,1.6,SE,86.05,8.43,Thunderstorm,4,1.95,0.14,1
2024-02-02 18:00:00,Cengkareng,28.97,63.51,13.64,W,45.55,2.32,Cloudy,0,0.93,0.57,0
2024-02-02 19:00:00,Grogol,30.18,98.32,20.24,N,14.61,2.44,Cloudy,0,1.74,2.99,0
2024-02-02 20:00:00,Cengkareng,32.69,77.89,20.33,N,46.17,8.11,Light Rain,1,1.18,0.62,0
2024-02-02 21:00:00,Kebon Jeruk,29.71,67.36,11.19,E,70.64,6.55,Clear,0,0.4,1.56,0
2024-02-02 22:00:00,Cengkareng,24.3,79.02,28.25,SE,50.53,1.4,Heavy Rain,3,1.41,2.56,0
2024-02-02 23:00:00,Palmerah,33.31,56.96,5.02,NW,77.41,6.6,Cloudy,0,1.08,0.16,0
2024-02-03 00:00:00,Tambora,30.9,72.2,15.01,N,42.13,3.78,Cloudy,0,1.34,1.85,0
2024-02-03 01:00:00,Kembangan,30.77,81.31,20.73,W,67.13,4.32,Cloudy,0,1.79,0.9,0
2024-02-03 02:00:00,Cengkareng,26.16,74.44,20.91,SE,26.78,7.93,Clear,0,0.94,2.6,0
2024-02-03 03:00:00,Palmerah,30.59,70.09,19.46,S,77.44,8.3,Thunderstorm,4,1.81,0.92,1
2024-02-03 04:00:00,Palmerah,27.94,99.69,8.26,NE,59.11,4.6,Rain,2,1.53,2.09,0
2024-02-03 05:00:00,Tambora,30.51,94.02,4.69,W,28.37,9.52,Light Rain,1,1.03,2.06,0
2024-02-03 06:00:00,Kebon Jeruk,25.07,81.17,19.08,NE,36.27,4.66,Clear,0,1.25,0.74,0
2024-02-03 07:00:00,Palmerah,30.58,78.47,17.98,NE,77.37,7.95,Thunderstorm,4,0.72,0.2,1
2024-02-03 08:00:00,Palmerah,33.99,81.03,5.38,NW,53.43,5.35,Cloudy,0,1.97,1.29,0
2024-02-03 09:00:00,Palmerah,24.48,60.07,21.15,SE,29.44,9.08,Thunderstorm,4,1.37,0.94,1
2024-02-03 10:00:00,Palmerah,33.77,69.76,13.66,SE,97.05,9.17,Clear,0,0.18,2.45,0
2024-02-03 11:00:00,Grogol,28.07,51.97,20.03,E,74.36,1.79,Clear,0,0.72,2.42,0
2024-02-03 12:00:00,Grogol,32.71,73.78,25.12,NE,96.14,9.43,Clear,0,1.28,1.43,0
2024-02-03 13:00:00,Kebon Jeruk,31.82,77.15,5.09,E,48.44,8.43,Rain,2,0.21,1.86,0
2024-02-03 14:00:00,Cengkareng,29.67,61.39,0.57,NW,52.76,8.12,Heavy Rain,3,0.15,1.85,1
2024-02-03 15:00:00,Palmerah,31.38,98.2,23.37,NE,90.82,2.81,Light Rain,1,0.96,2.5,0
2024-02-03 16:00:00,Tambora,32.79,95.47,18.29,E,57.25,8.25,Rain,2,0.73,1.33,0
2024-02-03 17:00:00,Cengkareng,28.04,86.11,20.99,E,73.66,8.65,Rain,2,0.93,0.9,0
2024-02-03 18:00:00,Tambora,27.27,76.67,25.14,S,32.7,3.6,Heavy Rain,3,0.6,0.87,1
2024-02-03 19:00:00,Cengkareng,30.68,93.5,24.08,E,50.21,9.57,Rain,2,0.41,1.65,0
2024-02-03 20:00:00,Kebon Jeruk,32.08,56.53,28.83,SE,21.11,1.45,Clear,0,1.41,1.4,0
2024-02-03 21:00:00,Palmerah,31.62,89.53,16.08,E,28.54,2.35,Clear,0,1.08,1.38,0
2024-02-03 22:00:00,Palmerah,31.98,56.24,14.65,NE,10.08,5.84,Thunderstorm,4,0.48,0.36,1
2024-02-03 23:00:00,Kembangan,28.36,89.71,12.06,E,13.53,6.18,Cloudy,0,0.71,2.18,0
2024-02-04 00:00:00,Tambora,32.18,63.79,4.61,N,97.96,6.81,Rain,2,1.22,0.72,0
2024-02-04 01:00:00,Cengkareng,25.2,93.85,17.18,SW,31.81,1.15,Cloudy,0,0.24,0.67,0
2024-02-04 02:00:00,Cengkareng,29.44,97.2,8.31,NE,69.7,9.64,Light Rain,1,0.38,1.3,0
2024-02-04 03:00:00,Grogol,24.06,57.44,27.64,N,85.52,1.4,Clear,0,0.24,0.76,0
2024-02-04 04:00:00,Kembangan,27.25,73.13,17.5,NW,59.56,2.29,Thunderstorm,4,1.64,1.79,1
2024-02-04 05:00:00,Grogol,27.66,99.05,17.79,NE,23.78,1.13,Light Rain,1,1.53,1.18,0
2024-02-04 06:00:00,Grogol,27.96,74.17,10.65,SE,75.53,6.1,Thunderstorm,4,1.53,1.4,1
2024-02-04 07:00:00,Grogol,30.95,93.18,1.56,SW,64.02,9.39,Heavy Rain,3,1.46,1.66,0
2024-02-04 08:00:00,Tambora,27.89,79.44,0.95,SW,75.81,6.99,Clear,0,1.37,0.69,0
2024-02-04 09:00:00,Tambora,28.49,68.77,12.7,SE,79.28,8.4,Light Rain,1,1.01,0.55,0
2024-02-04 10:00:00,Kebon Jeruk,26.38,64.29,2.54,SW,97.79,1.12,Heavy Rain,3,1.32,2.65,0
2024-02-04 11:00:00,Kebon Jeruk,27.73,60.16,18.21,SE,61.62,5.88,Light Rain,1,0.17,1.36,0
2024-02-04 12:00:00,Grogol,26.27,88.09,26.43,N,40.75,5.14,Thunderstorm,4,1.28,1.3,1
2024-02-04 13:00:00,Kembangan,24.73,69.33,26.49,NW,68.36,5.49,Heavy Rain,3,1.58,0.2,1
2024-02-04 14:00:00,Cengkareng,30.03,75.56,19.77,S,16.16,1.65,Heavy Rain,3,1.05,1.54,1
2024-02-04 15:00:00,Tambora,30.68,74.62,6.34,NE,90.77,7.16,Clear,0,0.78,1.71,0
2024-02-04 16:00:00,Kembangan,30.19,78.86,25.89,SE,20.74,5.53,Cloudy,0,0.63,1.72,0
2024-02-04 17:00:00,Palmerah,28.63,93.28,26.58,NE,39.51,7.89,Thunderstorm,4,1.32,2.15,1
2024-02-04 18:00:00,Tambora,27.8,99.04,5.9,NW,83.42,5.37,Thunderstorm,4,1.42,0.61,1
2024-02-04 19:00:00,Tambora,32.63,70.38,22.12,N,63.76,2.34,Heavy Rain,3,1.75,0.83,0
2024-02-04 20:00:00,Kebon Jeruk,29.19,91.38,8.6,S,45.43,6.83,Heavy Rain,3,0.75,2.45,0
2024-02-04 21:00:00,Cengkareng,28.79,88.23,24.08,NW,52.61,2.55,Clear,0,1.56,2.85,0
2024-02-04 22:00:00,Cengkareng,24.26,78.68,29.92,N,86.91,8.85,Cloudy,0,1.17,0.49,0
2024-02-04 23:00:00,Palmerah,27.41,97.8,0.9,SW,40.6,6.52,Thunderstorm,4,1.78,1.54,1
2024-02-05 00:00:00,Palmerah,27.8,60.02,26.92,NE,88.27,2.41,Rain,2,1.1,0.72,0
2024-02-05 01:00:00,Tambora,27.99,55.46,18.68,W,17.93,9.66,Rain,2,1.08,0.27,0
2024-02-05 02:00:00,Grogol,29.8,92.7,29.2,S,79.91,5.67,Cloudy,0,1.2,1.04,0
2024-02-05 03:00:00,Kebon Jeruk,29.34,71.96,13.95,SW,86.28,1.66,Light Rain,1,1.52,0.52,1
2024-02-05 04:00:00,Kebon Jeruk,30.08,92.35,25.42,NW,26.36,6.64,Clear,0,1.93,2.16,0
2024-02-05 05:00:00,Tambora,31.65,94.65,1.87,S,48.73,3.28,Cloudy,0,0.24,1.65,0
2024-02-05 06:00:00,Kembangan,32.13,53.12,10.06,SW,24.89,8.23,Rain,2,0.2,0.52,0
2024-02-05 07:00:00,Grogol,31.18,94.17,2.01,N,73.59,8.36,Heavy Rain,3,1.88,0.13,1
2024-02-05 08:00:00,Tambora,33.56,72.42,29.26,SE,58.18,9.81,Rain,2,1.11,2.44,0
2024-02-05 09:00:00,Grogol,24.18,75.52,24.51,NE,67.18,5.52,Heavy Rain,3,1.27,0.61,1
2024-02-05 10:00:00,Grogol,25.96,81.33,25.58,E,27.68,5.09,Clear,0,1.02,1.86,0
2024-02-05 11:00:00,Grogol,24.08,96.32,28.14,E,29.06,7.78,Heavy Rain,3,0.28,1.08,1
2024-02-05 12:00:00,Tambora,30.47,50.96,2.55,N,13.73,2.19,Cloudy,0,1.56,1.8,0
2024-02-05 13:00:00,Kebon Jeruk,32.98,73.84,11.57,NW,38.99,5.92,Heavy Rain,3,1.52,1.02,1
2024-02-05 14:00:00,Kebon Jeruk,26.43,84.39,2.13,NE,60.38,5.92,Light Rain,1,0.69,0.35,0
2024-02-05 15:00:00,Grogol,33.27,86.14,6.32,NW,87.21,1.81,Cloudy,0,0.68,0.75,0
2024-02-05 16:00:00,Kembangan,24.6,84.63,6.88,NE,70.02,4.76,Clear,0,1.69,0.65,0
2024-02-05 17:00:00,Cengkareng,33.34,56.72,14.07,N,49.19,8.68,Cloudy,0,0.24,1.34,0
2024-02-05 18:00:00,Tambora,27.52,64.97,8.06,NE,95.78,8.71,Light Rain,1,1.77,2.01,0
2024-02-05 19:00:00,Cengkareng,25.01,67.94,3.03,SE,74.73,1.89,Clear,0,0.59,0.87,0
2024-02-05 20:00:00,Kembangan,28.86,90.22,5.02,NW,93.71,1.82,Rain,2,1.23,0.14,1
2024-02-05 21:00:00,Tambora,26.57,63.94,4.42,N,57.48,3.36,Light Rain,1,1.88,1.6,0
2024-02-05 22:00:00,Grogol,26.85,60.54,29.19,SE,33.3,8.87,Clear,0,1.39,1.86,0
2024-02-05 23:00:00,Kebon Jeruk,27.07,97.87,22.78,NE,14.75,2.16,Heavy Rain,3,0.89,2.89,1
2024-02-06 00:00:00,Cengkareng,32.03,50.44,29.03,N,75.35,7.48,Cloudy,0,1.41,1.81,0
2024-02-06 01:00:00,Palmerah,29.39,99.89,13.19,NE,20.92,1.91,Clear,0,0.75,1.47,0
2024-02-06 02:00:00,Palmerah,27.11,83.84,8.35,NW,37.25,6.61,Cloudy,0,0.63,1.76,0
2024-02-06 03:00:00,Kembangan,30.1,91.42,23.95,N,57.92,4.2,Heavy Rain,3,1.99,2.79,0
2024-02-06 04:00:00,Grogol,31.16,64.73,9.79,NE,60.8,8.1,Clear,0,1.53,2.5,0
2024-02-06 05:00:00,Cengkareng,26.73,50.72,8.98,NW,64.05,3.1,Rain,2,1.32,1.04,1
2024-02-06 06:00:00,Grogol,28.14,86.89,6.98,SE,24.96,6.75,Light Rain,1,0.78,0.79,1
2024-02-06 07:00:00,Cengkareng,25.22,91.71,3.89,W,44.18,3.12,Clear,0,0.19,0.86,0
2024-02-06 08:00:00,Kembangan,25.81,87.02,7.69,SE,65.55,7.42,Heavy Rain,3,0.16,1.56,1
2024-02-06 09:00:00,Kembangan,30.81,57.14,10.66,NE,97.28,8.86,Clear,0,1.15,2.26,0
2024-02-06 10:00:00,Palmerah,25.81,87.67,20.22,N,75.49,2.14,Cloudy,0,1.55,1.56,0
2024-02-06 11:00:00,Grogol,29.25,88.45,1.88,E,93.03,8.8,Thunderstorm,4,1.12,0.3,1
2024-02-06 12:00:00,Tambora,31.09,82.93,6.32,SE,78.6,6.34,Clear,0,1.7,2.2,0
2024-02-06 13:00:00,Palmerah,25.07,88.31,24.27,SE,63.25,2.14,Rain,2,0.16,2.44,0
2024-02-06 14:00:00,Grogol,29.67,92.3,4.41,NW,27.28,4.85,Clear,0,0.8,0.94,0
2024-02-06 15:00:00,Palmerah,26.57,80.68,10.28,SW,70.0,2.45,Light Rain,1,0.55,2.03,0
2024-02-06 16:00:00,Tambora,33.63,54.43,25.94,E,66.1,7.3,Clear,0,0.95,1.34,0
2024-02-06 17:00:00,Kebon Jeruk,28.84,74.38,4.65,NE,64.22,7.83,Thunderstorm,4,0.24,2.68,1
2024-02-06 18:00:00,Kebon Jeruk,32.06,53.88,2.48,W,54.08,1.95,Cloudy,0,1.91,2.55,0
2024-02-06 19:00:00,Kebon Jeruk,29.5,70.38,14.54,N,57.58,5.56,Clear,0,0.52,1.62,0
2024-02-06 20:00:00,Kebon Jeruk,24.43,70.36,9.07,SW,40.1,8.33,Rain,2,1.85,2.11,0
2024-02-06 21:00:00,Cengkareng,30.33,53.3,16.9,NE,56.74,9.43,Heavy Rain,3,0.91,2.66,1
2024-02-06 22:00:00,Kebon Jeruk,33.51,67.44,24.11,S,27.78,5.62,Clear,0,1.97,1.54,0
2024-02-06 23:00:00,Tambora,30.02,55.55,4.11,W,82.47,9.55,Clear,0,1.15,1.01,0
2024-02-07 00:00:00,Kembangan,32.19,90.41,17.42,SE,26.72,5.82,Light Rain,1,1.87,2.29,0
2024-02-07 01:00:00,Kembangan,32.84,97.38,15.17,S,17.65,4.55,Rain,2,0.11,0.74,1
2024-02-07 02:00:00,Cengkareng,26.28,53.62,4.32,SE,49.26,8.63,Thunderstorm,4,1.52,1.23,1
2024-02-07 03:00:00,Kebon Jeruk,26.12,97.76,18.72,SE,69.25,5.44,Heavy Rain,3,1.82,2.61,1
2024-02-07 04:00:00,Kebon Jeruk,30.11,76.13,8.21,S,49.39,5.25,Cloudy,0,0.37,2.2,0
2024-02-07 05:00:00,Kebon Jeruk,28.11,64.98,14.64,W,34.91,5.41,Clear,0,0.28,1.27,0
2024-02-07 06:00:00,Palmerah,32.4,53.84,2.47,NW,60.24,8.62,Thunderstorm,4,0.91,0.72,1
2024-02-07 07:00:00,Grogol,33.0,75.03,13.79,S,41.23,8.49,Heavy Rain,3,1.87,1.13,1
2024-02-07 08:00:00,Palmerah,27.53,89.73,9.19,NE,93.96,4.63,Cloudy,0,1.13,0.92,0
2024-02-07 09:00:00,Grogol,26.37,85.35,24.67,SW,93.04,4.0,Thunderstorm,4,1.1,0.61,1
2024-02-07 10:00:00,Kebon Jeruk,31.81,52.51,1.71,SW,55.21,5.43,Rain,2,0.37,2.26,1
2024-02-07 11:00:00,Kebon Jeruk,26.75,53.65,12.56,S,39.51,6.15,Rain,2,0.1,0.83,0
2024-02-07 12:00:00,Palmerah,32.23,70.14,13.75,NE,76.34,3.15,Heavy Rain,3,1.64,1.42,0
2024-02-07 13:00:00,Palmerah,28.24,64.76,21.75,NW,13.3,8.15,Cloudy,0,0.27,1.22,0
2024-02-07 14:00:00,Grogol,30.68,61.62,17.23,SW,52.73,5.38,Rain,2,1.3,2.95,1
2024-02-07 15:00:00,Kembangan,24.96,64.05,20.02,NE,40.27,4.01,Heavy Rain,3,1.84,1.23,0
2024-02-07 16:00:00,Grogol,30.24,90.17,23.31,NW,92.85,1.96,Rain,2,0.5,0.33,0
2024-02-07 17:00:00,Palmerah,28.52,96.46,25.87,NE,11.08,3.15,Rain,2,1.36,0.36,0
2024-02-07 18:00:00,Tambora,29.87,70.26,9.42,SE,59.75,9.54,Thunderstorm,4,0.25,1.81,1
2024-02-07 19:00:00,Palmerah,25.68,95.31,16.14,SW,76.66,3.75,Thunderstorm,4,1.25,1.84,1
2024-02-07 20:00:00,Tambora,31.37,66.07,25.2,NW,53.65,2.52,Rain,2,0.41,1.31,0
2024-02-07 21:00:00,Cengkareng,32.63,73.82,29.68,SW,17.69,5.15,Light Rain,1,1.5,1.35,1
2024-02-07 22:00:00,Palmerah,26.17,61.3,26.69,SE,97.52,3.76,Thunderstorm,4,0.67,0.26,1
2024-02-07 23:00:00,Cengkareng,24.96,82.02,11.14,S,56.62,1.32,Cloudy,0,0.98,1.6,0
2024-02-08 00:00:00,Kembangan,24.24,98.95,5.85,SE,65.28,3.91,Heavy Rain,3,1.24,1.56,0
2024-02-08 01:00:00,Grogol,30.42,80.17,14.68,SW,31.29,5.9,Heavy Rain,3,0.43,0.53,0
2024-02-08 02:00:00,Tambora,30.07,67.89,22.25,SW,53.51,5.97,Cloudy,0,1.51,0.4,0
2024-02-08 03:00:00,Grogol,29.47,82.39,14.78,W,48.62,4.21,Cloudy,0,0.68,0.46,0
2024-02-08 04:00:00,Cengkareng,26.32,56.15,14.5,NW,16.74,5.03,Cloudy,0,1.36,0.39,0
2024-02-08 05:00:00,Tambora,27.91,94.43,25.15,S,19.55,9.69,Cloudy,0,0.4,1.87,0
2024-02-08 06:00:00,Grogol,29.94,75.15,10.84,SE,85.37,4.4,Clear,0,1.41,0.67,0
2024-02-08 07:00:00,Palmerah,28.97,72.47,25.79,NW,31.58,3.32,Heavy Rain,3,0.34,0.83,1
2024-02-08 08:00:00,Kebon Jeruk,33.88,79.29,12.2,N,27.55,3.19,Clear,0,0.91,0.6,0
2024-02-08 09:00:00,Cengkareng,25.36,81.24,9.85,NW,55.44,5.12,Rain,2,0.57,2.88,0
2024-02-08 10:00:00,Grogol,30.95,53.59,13.62,N,79.19,7.84,Rain,2,1.52,2.58,0
2024-02-08 11:00:00,Cengkareng,28.04,84.13,22.87,S,15.58,2.85,Heavy Rain,3,0.6,0.77,1
2024-02-08 12:00:00,Cengkareng,28.28,62.1,3.78,SE,61.91,7.38,Rain,2,1.78,1.05,1
2024-02-08 13:00:00,Tambora,31.18,85.7,5.89,SE,20.73,1.19,Cloudy,0,1.79,0.71,0
2024-02-08 14:00:00,Tambora,30.92,91.13,28.54,NE,13.28,4.77,Clear,0,0.47,1.53,0
2024-02-08 15:00:00,Kebon Jeruk,33.91,90.2,5.26,SW,14.75,7.98,Cloudy,0,1.27,0.16,0
2024-02-08 16:00:00,Palmerah,25.28,77.63,17.03,E,85.07,4.05,Rain,2,0.27,2.05,0
2024-02-08 17:00:00,Cengkareng,25.04,76.01,17.38,W,20.62,6.07,Thunderstorm,4,0.84,1.62,0
2024-02-08 18:00:00,Grogol,31.24,57.14,14.69,NW,14.06,2.84,Clear,0,1.46,2.71,0
2024-02-08 19:00:00,Kembangan,29.78,88.77,19.34,S,49.41,7.68,Cloudy,0,1.35,0.58,0
2024-02-08 20:00:00,Cengkareng,26.74,63.57,6.89,E,85.96,1.47,Heavy Rain,3,1.29,2.43,1
2024-02-08 21:00:00,Cengkareng,24.79,74.83,16.58,NW,33.62,8.67,Cloudy,0,0.64,2.4,0
2024-02-08 22:00:00,Kebon Jeruk,24.86,64.21,11.17,E,47.95,2.78,Thunderstorm,4,0.82,0.47,1
2024-02-08 23:00:00,Palmerah,32.94,56.69,19.85,S,13.59,8.87,Rain,2,0.3,1.26,1
2024-02-09 00:00:00,Kembangan,25.92,81.48,4.24,SE,50.42,4.17,Clear,0,1.47,0.59,0
2024-02-09 01:00:00,Tambora,27.23,52.72,17.13,S,61.99,7.5,Heavy Rain,3,1.06,0.84,0
2024-02-09 02:00:00,Tambora,26.27,87.43,5.56,NW,61.38,3.87,Clear,0,1.45,0.86,0
2024-02-09 03:00:00,Grogol,27.55,65.88,8.36,E,39.92,9.15,Heavy Rain,3,0.57,1.71,1
2024-02-09 04:00:00,Kembangan,24.69,50.01,6.56,SW,38.4,2.14,Clear,0,0.72,1.29,0
2024-02-09 05:00:00,Tambora,29.19,75.56,5.49,W,19.6,2.61,Rain,2,0.74,2.85,1
2024-02-09 06:00:00,Grogol,24.68,52.34,24.77,W,43.01,5.44,Heavy Rain,3,0.15,0.47,1
2024-02-09 07:00:00,Palmerah,32.0,63.81,8.57,SW,18.95,1.74,Light Rain,1,0.75,2.92,0
2024-02-09 08:00:00,Grogol,26.34,85.35,27.81,SW,78.99,2.76,Clear,0,1.63,0.77,0
2024-02-09 09:00:00,Tambora,29.4,53.13,29.1,SE,96.96,9.49,Clear,0,1.8,2.34,0
2024-02-09 10:00:00,Kebon Jeruk,32.8,91.97,17.14,NW,97.31,9.79,Cloudy,0,1.08,1.08,0
2024-02-09 11:00:00,Kebon Jeruk,30.51,50.19,4.29,N,87.86,4.39,Heavy Rain,3,0.97,0.51,1
2024-02-09 12:00:00,Kebon Jeruk,29.33,62.34,11.24,S,64.07,9.31,Thunderstorm,4,0.16,2.59,1
2024-02-09 13:00:00,Tambora,27.24,87.05,23.93,W,73.08,5.9,Light Rain,1,1.77,1.0,0
2024-02-09 14:00:00,Kebon Jeruk,27.33,65.81,11.02,SW,35.67,3.43,Rain,2,0.12,2.01,1
2024-02-09 15:00:00,Kembangan,30.69,55.09,2.61,S,66.77,7.32,Cloudy,0,1.9,1.74,0
2024-02-09 16:00:00,Palmerah,33.94,68.01,16.7,W,51.01,6.93,Light Rain,1,1.03,1.47,0
2024-02-09 17:00:00,Grogol,30.62,63.52,25.35,SW,53.38,9.9,Heavy Rain,3,0.75,1.54,1
2024-02-09 18:00:00,Grogol,29.58,92.14,23.88,NW,78.2,3.39,Light Rain,1,1.86,2.22,0
2024-02-09 19:00:00,Tambora,31.31,65.67,5.25,W,35.37,7.05,Clear,0,0.15,0.35,0
2024-02-09 20:00:00,Kebon Jeruk,28.65,89.45,20.18,SE,38.62,1.47,Clear,0,1.2,2.04,0
2024-02-09 21:00:00,Kebon Jeruk,24.6,94.59,6.62,N,93.22,2.02,Cloudy,0,1.14,2.7,0
2024-02-09 22:00:00,Cengkareng,29.62,71.69,6.55,N,15.06,1.04,Heavy Rain,3,0.52,0.27,1
2024-02-09 23:00:00,Palmerah,33.58,95.5,26.22,SW,53.71,10.0,Heavy Rain,3,0.91,0.51,1
2024-02-10 00:00:00,Kembangan,25.75,68.87,7.49,W,92.15,8.22,Light Rain,1,1.34,2.18,0
2024-02-10 01:00:00,Grogol,30.9,98.2,7.9,SE,64.93,8.08,Cloudy,0,1.48,1.37,0
2024-02-10 02:00:00,Cengkareng,26.01,54.46,0.02,NE,59.18,5.59,Heavy Rain,3,0.1,1.27,1
2024-02-10 03:00:00,Cengkareng,29.36,84.35,26.12,S,32.48,3.7,Thunderstorm,4,1.88,0.5,0
2024-02-10 04:00:00,Tambora,24.97,74.69,23.78,S,40.89,2.36,Thunderstorm,4,0.41,1.57,1
2024-02-10 05:00:00,Grogol,28.5,69.38,18.82,E,86.68,3.56,Clear,0,0.54,0.47,0
2024-02-10 06:00:00,Tambora,31.56,81.64,22.51,SE,60.33,4.38,Light Rain,1,0.6,1.48,1
2024-02-10 07:00:00,Kembangan,27.48,85.19,4.56,W,56.33,7.81,Rain,2,0.17,2.31,1
2024-02-10 08:00:00,Cengkareng,30.65,50.22,13.75,NW,18.96,5.86,Clear,0,0.33,0.85,0
2024-02-10 09:00:00,Cengkareng,31.95,58.35,10.54,NW,11.44,1.7,Cloudy,0,1.97,1.49,0
2024-02-10 10:00:00,Palmerah,33.27,85.65,2.81,E,96.73,1.16,Heavy Rain,3,0.7,2.98,0
2024-02-10 11:00:00,Kembangan,26.35,83.32,14.58,SW,43.93,1.92,Clear,0,0.32,2.09,0
2024-02-10 12:00:00,Cengkareng,27.99,98.3,27.62,W,64.29,4.69,Rain,2,0.3,2.54,1
2024-02-10 13:00:00,Kembangan,25.52,88.05,1.2,E,17.17,9.4,Rain,2,1.47,1.3,1
2024-02-10 14:00:00,Grogol,33.92,97.54,8.74,N,71.48,6.74,Thunderstorm,4,1.72,2.33,1
2024-02-10 15:00:00,Kebon Jeruk,33.27,85.13,6.23,S,93.93,8.22,Cloudy,0,0.59,0.22,0
2024-02-10 16:00:00,Cengkareng,29.4,64.9,7.14,W,61.81,5.2,Clear,0,0.14,0.46,0
2024-02-10 17:00:00,Palmerah,32.42,55.27,27.25,E,21.35,4.25,Light Rain,1,0.52,0.69,0
2024-02-10 18:00:00,Grogol,29.21,89.09,14.04,N,62.35,1.98,Clear,0,0.21,1.27,0
2024-02-10 19:00:00,Kembangan,30.24,82.21,13.99,SE,78.97,8.88,Thunderstorm,4,0.3,2.55,1
2024-02-10 20:00:00,Tambora,24.89,52.41,22.82,E,46.58,8.05,Rain,2,0.92,1.1,1
2024-02-10 21:00:00,Grogol,31.55,68.0,4.63,SW,89.19,2.51,Cloudy,0,0.54,2.0,0
2024-02-10 22:00:00,Cengkareng,25.28,97.84,14.62,SW,68.38,5.61,Cloudy,0,1.08,2.16,0
2024-02-10 23:00:00,Kembangan,32.26,75.02,12.9,SW,90.93,5.39,Light Rain,1,0.58,1.8,0
2024-02-11 00:00:00,Kebon Jeruk,31.82,71.64,17.91,W,66.12,6.63,Cloudy,0,1.89,1.14,0
2024-02-11 01:00:00,Grogol,31.09,72.88,29.99,NW,21.82,9.52,Thunderstorm,4,1.82,1.77,1
2024-02-11 02:00:00,Cengkareng,24.36,60.44,23.08,NW,37.87,6.22,Thunderstorm,4,1.18,1.09,1
2024-02-11 03:00:00,Palmerah,27.03,68.44,11.94,S,28.16,5.86,Thunderstorm,4,0.77,0.34,1
2024-02-11 04:00:00,Tambora,26.63,68.49,24.83,E,91.79,1.45,Cloudy,0,0.82,2.98,0
2024-02-11 05:00:00,Kembangan,27.6,52.62,5.12,SE,78.44,1.57,Cloudy,0,0.88,0.47,0
2024-02-11 06:00:00,Grogol,24.88,88.38,0.91,E,70.88,2.69,Thunderstorm,4,1.48,0.31,1
2024-02-11 07:00:00,Grogol,33.37,70.83,6.13,S,37.09,1.29,Cloudy,0,0.96,2.65,0
2024-02-11 08:00:00,Kebon Jeruk,29.54,91.11,10.21,N,26.56,7.69,Cloudy,0,1.73,0.98,0
2024-02-11 09:00:00,Kebon Jeruk,27.06,92.52,15.32,S,78.08,7.51,Rain,2,1.89,1.99,0
2024-02-11 10:00:00,Palmerah,27.97,60.6,18.45,SW,52.67,2.22,Clear,0,0.74,1.05,0
2024-02-11 11:00:00,Tambora,28.47,82.87,27.32,W,30.32,8.52,Heavy Rain,3,1.17,1.24,0
2024-02-11 12:00:00,Palmerah,30.01,73.61,15.3,N,65.5,2.39,Cloudy,0,0.28,0.86,0
2024-02-11 13:00:00,Cengkareng,29.16,94.01,15.04,W,13.63,3.71,Heavy Rain,3,0.48,1.09,1
2024-02-11 14:00:00,Cengkareng,33.19,60.79,1.51,SW,39.36,3.24,Heavy Rain,3,0.89,1.29,0
2024-02-11 15:00:00,Palmerah,28.97,83.89,1.05,NE,52.17,4.35,Rain,2,0.49,2.19,0
